DT,obs,action,nex_obs,holdAmt,reward,totalReward,tradingCost
2017-01-04,"(1.0, 0.0, 0.0, 0.0, 0.0, 0.0)",2,"(1.0, 0.0, 0.0, 0.0, 0.0, 0.0)",-1,-11.849999999999454,-11.849999999999454,0
2017-01-05,"(1.0, 0.0, 0.0, 0.0, 0.0, 0.0)",2,"(1.0, 0.0, 0.0, 0.0, 0.0, 0.0)",-1,-5.5700000000006185,-17.420000000000073,0
2017-01-06,"(1.0, 0.0, 0.0, 0.0, 0.0, 0.0)",2,"(1.0, 0.0, 0.0, 0.0, 0.0, 0.0)",-1,-14.739999999999782,-32.159999999999854,0
2017-01-09,"(1.0, 0.0, 0.0, 0.0, 0.0, 0.0)",2,"(1.0, 0.0, 0.0, 0.0, 0.0, 0.0)",-1,-27.720000000000255,-59.88000000000011,0
2017-01-10,"(1.0, 0.0, 0.0, 0.0, 0.0, 0.0)",2,"(1.0, 0.0, 0.0, 0.0, 0.0, 0.0)",-1,-37.69999999999982,-97.57999999999993,0
2017-01-11,"(1.0, 0.0, 0.0, 0.0, 0.0, 0.0)",2,"(1.0, 0.0, 0.0, 0.0, 0.0, 0.0)",-1,-15.019999999999527,-112.59999999999945,0
2017-01-12,"(1.0, 0.0, 0.0, 0.0, 0.0, 0.0)",2,"(1.0, 0.0, 0.0, 0.0, 0.0, 0.0)",-1,-1.8800000000001091,-114.47999999999956,0
2017-01-13,"(1.0, 0.0, 0.0, 0.0, 0.0, 0.0)",2,"(1.0, 0.0, 0.0, 0.0, 0.0, 0.0)",-1,-45.44000000000051,-159.92000000000007,0
2017-01-16,"(1.0, 0.0, 0.0, 0.0, 0.0, 0.0)",2,"(1.0, 0.0, 0.0, 0.0, 0.0, 0.0)",-1,10.680000000000291,-149.23999999999978,0
2017-01-17,"(1.0, 0.0, 0.0, 0.0, 0.0, 0.0)",2,"(1.0, 0.0, 0.0, 0.0, 0.0, 0.0)",-1,106.75,-42.48999999999978,0
2017-01-18,"(1.0, 0.0, 0.0, 0.0, 0.0, 0.0)",2,"(1.0, 0.0, 0.0, 0.0, 0.0, 0.0)",-1,-27.229999999999563,-69.71999999999935,0
2017-01-19,"(1.0, 0.0, 0.0, 0.0, 0.0, 0.0)",2,"(1.0, 0.0, 0.0, 0.0, 0.0, 0.0)",-1,39.17000000000007,-30.549999999999272,0
2017-01-20,"(1.0, 0.0, 0.0, 0.0, 0.0, 0.0)",2,"(1.0, 0.0, 0.0, 0.0, 0.0, 0.0)",-1,10.0,-20.549999999999272,0
2017-01-23,"(1.0, 0.0, 0.0, 0.0, 0.0, 0.0)",2,"(1.0, 0.0, 0.0, 0.0, 0.0, 0.0)",-1,47.25999999999931,26.710000000000036,0
2017-01-24,"(1.0, 0.0, 0.0, 0.0, 0.0, 0.0)",2,"(1.0, 0.0, 0.0, 0.0, 0.0, 0.0)",-1,0.8400000000001455,27.550000000000182,0
2017-01-25,"(1.0, 0.0, 0.0, 0.0, 0.0, 0.0)",2,"(0.0, 0.0, 0.0, 0.0, 0.0, 0.0)",-1,-14.090000000000146,13.460000000000036,0
2017-01-26,"(0.0, 0.0, 0.0, 0.0, 0.0, 0.0)",2,"(0.0, 0.0, 0.0, 0.0, 0.0, 0.0)",-1,2.9400000000005093,16.400000000000546,0
2017-01-27,"(0.0, 0.0, 0.0, 0.0, 0.0, 0.0)",2,"(0.0, 0.0, 0.0, 0.0, 0.0, 0.0)",-1,-23.0,-6.599999999999454,0
2017-01-30,"(0.0, 0.0, 0.0, 0.0, 0.0, 0.0)",2,"(0.0, 0.0, 0.0, 0.0, 0.0, 0.0)",-1,66.01000000000022,59.410000000000764,0
2017-01-31,"(0.0, 0.0, 0.0, 0.0, 0.0, 0.0)",2,"(-1.0, 0.0, 0.0, 0.0, 0.0, 0.0)",-1,19.329999999999927,78.74000000000069,0
2017-02-01,"(-1.0, 0.0, 0.0, 0.0, 0.0, 0.0)",1,"(-1.0, 0.0, 0.0, 0.0, 0.0, 0.0)",1,8.5,87.24000000000069,0
2017-02-02,"(-1.0, 0.0, 0.0, 0.0, 0.0, 0.0)",1,"(-1.0, 0.0, 0.0, 0.0, 0.0, 0.0)",1,33.100000000000364,120.34000000000106,0
2017-02-03,"(-1.0, 0.0, 0.0, 0.0, 0.0, 0.0)",1,"(-1.0, 0.0, 0.0, 0.0, 0.0, 0.0)",1,47.55000000000018,167.89000000000124,0
2017-02-06,"(-1.0, 0.0, 0.0, 0.0, 0.0, 0.0)",1,"(-1.0, 0.0, 0.0, 0.0, 0.0, 0.0)",1,-16.150000000000546,151.7400000000007,0
2017-02-07,"(-1.0, 0.0, 0.0, 0.0, 0.0, 0.0)",1,"(-1.0, 0.0, 0.0, 0.0, 0.0, 0.0)",1,14.070000000000618,165.8100000000013,0
2017-02-08,"(-1.0, 0.0, 0.0, 0.0, 0.0, 0.0)",1,"(-1.0, 0.0, 0.0, 0.0, 0.0, 0.0)",1,2.5999999999994543,168.41000000000076,0
2017-02-09,"(-1.0, 0.0, 0.0, 0.0, 0.0, 0.0)",1,"(-1.0, 0.0, 0.0, 0.0, 0.0, 0.0)",1,40.68000000000029,209.09000000000106,0
2017-02-10,"(-1.0, 0.0, 0.0, 0.0, 0.0, 0.0)",1,"(0.0, 1.0, 0.0, 0.0, 0.0, 0.0)",1,29.25,238.34000000000106,0
2017-02-13,"(0.0, 1.0, 0.0, 0.0, 0.0, 0.0)",1,"(0.0, 1.0, 0.0, 0.0, 0.0, 0.0)",1,20.170000000000073,258.5100000000011,0
2017-02-14,"(0.0, 1.0, 0.0, 0.0, 0.0, 0.0)",1,"(0.0, 1.0, 0.0, 0.0, 0.0, 0.0)",1,-10.359999999999673,248.15000000000146,0
2017-02-15,"(0.0, 1.0, 0.0, 0.0, 0.0, 0.0)",1,"(1.0, 0.0, 0.0, 0.0, 0.0, 0.0)",1,33.849999999999454,282.0000000000009,0
2017-02-16,"(1.0, 0.0, 0.0, 0.0, 0.0, 0.0)",2,"(1.0, 0.0, 0.0, 0.0, 0.0, 0.0)",-1,24.48999999999978,306.4900000000007,0
2017-02-17,"(1.0, 0.0, 0.0, 0.0, 0.0, 0.0)",2,"(1.0, 0.0, 0.0, 0.0, 0.0, 0.0)",-1,-22.039999999999964,284.4500000000007,0
2017-02-20,"(1.0, 0.0, 0.0, 0.0, 0.0, 0.0)",2,"(1.0, 0.0, 0.0, 0.0, 0.0, 0.0)",-1,0.1000000000003638,284.5500000000011,0
2017-02-21,"(1.0, 0.0, 0.0, 0.0, 0.0, 0.0)",2,"(1.0, 0.0, 0.0, 0.0, 0.0, 0.0)",-1,25.029999999999745,309.58000000000084,0
2017-02-22,"(1.0, 0.0, 0.0, 0.0, 0.0, 0.0)",2,"(1.0, 0.0, 0.0, 0.0, 0.0, 0.0)",-1,-27.420000000000073,282.16000000000076,0
2017-02-23,"(1.0, 0.0, 0.0, 0.0, 0.0, 0.0)",2,"(1.0, 0.0, 0.0, 0.0, 0.0, 0.0)",-1,30.88000000000011,313.0400000000009,0
2017-02-24,"(1.0, 0.0, 0.0, 0.0, 0.0, 0.0)",2,"(1.0, 0.0, 0.0, 0.0, 0.0, 0.0)",-1,27.670000000000073,340.71000000000095,0
2017-02-27,"(1.0, 0.0, 0.0, 0.0, 0.0, 0.0)",2,"(1.0, 0.0, 0.0, 0.0, 0.0, 0.0)",-1,-9.300000000000182,331.41000000000076,0
2017-02-28,"(1.0, 0.0, 0.0, 0.0, 0.0, 0.0)",2,"(1.0, 0.0, 0.0, 0.0, 0.0, 0.0)",-1,-10.4399999999996,320.97000000000116,0
2017-03-01,"(1.0, 0.0, 0.0, 0.0, 0.0, 0.0)",2,"(1.0, 1.0, 0.0, 0.0, 0.0, 0.0)",-1,-119.46000000000004,201.51000000000113,0
2017-03-02,"(1.0, 1.0, 0.0, 0.0, 0.0, 0.0)",2,"(1.0, 1.0, 0.0, 0.0, 0.0, 0.0)",-1,0.5499999999992724,202.0600000000004,0
2017-03-03,"(1.0, 1.0, 0.0, 0.0, 0.0, 0.0)",2,"(1.0, 1.0, 0.0, 0.0, 0.0, 0.0)",-1,8.090000000000146,210.15000000000055,0
2017-03-06,"(1.0, 1.0, 0.0, 0.0, 0.0, 0.0)",2,"(1.0, 0.0, 0.0, 0.0, 0.0, 0.0)",-1,24.140000000000327,234.29000000000087,0
2017-03-07,"(1.0, 0.0, 0.0, 0.0, 0.0, 0.0)",2,"(1.0, 0.0, 0.0, 0.0, 0.0, 0.0)",-1,11.13000000000011,245.42000000000098,0
2017-03-08,"(1.0, 0.0, 0.0, 0.0, 0.0, 0.0)",2,"(1.0, 0.0, 0.0, 0.0, 0.0, 0.0)",-1,4.380000000000109,249.8000000000011,0
2017-03-09,"(1.0, 0.0, 0.0, 0.0, 0.0, 0.0)",2,"(1.0, 0.0, 0.0, 0.0, 0.0, 0.0)",-1,19.649999999999636,269.4500000000007,0
2017-03-10,"(1.0, 0.0, 0.0, 0.0, 0.0, 0.0)",2,"(1.0, 0.0, 0.0, 0.0, 0.0, 0.0)",-1,-28.11999999999989,241.33000000000084,0
2017-03-13,"(1.0, 0.0, 0.0, 0.0, 0.0, 0.0)",2,"(1.0, 0.0, 0.0, 0.0, 0.0, 0.0)",-1,-24.0,217.33000000000084,0
2017-03-14,"(1.0, 0.0, 0.0, 0.0, 0.0, 0.0)",2,"(1.0, 0.0, 0.0, 0.0, 0.0, 0.0)",-1,9.229999999999563,226.5600000000004,0
2017-03-15,"(1.0, 0.0, 0.0, 0.0, 0.0, 0.0)",2,"(1.0, 0.0, 0.0, 0.0, 0.0, 0.0)",-1,-10.789999999999964,215.77000000000044,0
2017-03-16,"(1.0, 0.0, 0.0, 0.0, 0.0, 0.0)",2,"(1.0, 1.0, 0.0, 0.0, 0.0, 0.0)",-1,-47.30999999999949,168.46000000000095,0
2017-03-17,"(1.0, 1.0, 0.0, 0.0, 0.0, 0.0)",2,"(1.0, 1.0, 0.0, 0.0, 0.0, 0.0)",-1,-9.010000000000218,159.45000000000073,0
2017-03-20,"(1.0, 1.0, 0.0, 0.0, 0.0, 0.0)",2,"(1.0, 1.0, 0.0, 0.0, 0.0, 0.0)",-1,-4.850000000000364,154.60000000000036,0
2017-03-21,"(1.0, 1.0, 0.0, 0.0, 0.0, 0.0)",2,"(1.0, 0.0, 0.0, 0.0, 0.0, 0.0)",-1,51.470000000000255,206.07000000000062,0
2017-03-22,"(1.0, 0.0, 0.0, 0.0, 0.0, 0.0)",2,"(1.0, 0.0, 0.0, 0.0, 0.0, 0.0)",-1,53.61999999999989,259.6900000000005,0
2017-03-23,"(1.0, 0.0, 0.0, 0.0, 0.0, 0.0)",2,"(1.0, 0.0, 0.0, 0.0, 0.0, 0.0)",-1,-15.989999999999782,243.70000000000073,0
2017-03-24,"(1.0, 0.0, 0.0, 0.0, 0.0, 0.0)",2,"(1.0, 0.0, 0.0, 0.0, 0.0, 0.0)",-1,3.8900000000003274,247.59000000000106,0
2017-03-27,"(1.0, 0.0, 0.0, 0.0, 0.0, 0.0)",2,"(1.0, 0.0, 0.0, 0.0, 0.0, 0.0)",-1,43.31999999999971,290.91000000000076,0
2017-03-28,"(1.0, 0.0, 0.0, 0.0, 0.0, 0.0)",2,"(0.0, 0.0, 0.0, 0.0, 0.0, 0.0)",-1,-49.92000000000007,240.9900000000007,0
2017-03-29,"(0.0, 0.0, 0.0, 0.0, 0.0, 0.0)",2,"(1.0, 0.0, 0.0, 0.0, 0.0, 0.0)",-1,-30.300000000000182,210.6900000000005,0
2017-03-30,"(1.0, 0.0, 0.0, 0.0, 0.0, 0.0)",2,"(0.0, 0.0, 0.0, 0.0, 0.0, 0.0)",-1,4.199999999999818,214.89000000000033,0
2017-03-31,"(0.0, 0.0, 0.0, 0.0, 0.0, 0.0)",2,"(0.0, 0.0, 0.0, 0.0, 0.0, 0.0)",-1,46.600000000000364,261.4900000000007,0
2017-04-03,"(0.0, 0.0, 0.0, 0.0, 0.0, 0.0)",2,"(0.0, 0.0, 0.0, 0.0, 0.0, 0.0)",-1,40.23000000000047,301.72000000000116,0
2017-04-04,"(0.0, 0.0, 0.0, 0.0, 0.0, 0.0)",2,"(0.0, 0.0, 0.0, 0.0, 0.0, 0.0)",-1,-39.13000000000011,262.59000000000106,0
2017-04-05,"(0.0, 0.0, 0.0, 0.0, 0.0, 0.0)",2,"(0.0, 0.0, 0.0, 0.0, 0.0, 0.0)",-1,-9.860000000000582,252.73000000000047,0
2017-04-06,"(0.0, 0.0, 0.0, 0.0, 0.0, 0.0)",2,"(-1.0, 0.0, 0.0, 0.0, 0.0, 0.0)",-1,28.480000000000473,281.21000000000095,0
2017-04-07,"(-1.0, 0.0, 0.0, 0.0, 0.0, 0.0)",1,"(-1.0, 0.0, 0.0, 0.0, 0.0, 0.0)",1,46.17000000000007,327.380000000001,0
2017-04-10,"(-1.0, 0.0, 0.0, 0.0, 0.0, 0.0)",1,"(-1.0, 0.0, 0.0, 0.0, 0.0, 0.0)",1,-0.43000000000029104,326.9500000000007,0
2017-04-11,"(-1.0, 0.0, 0.0, 0.0, 0.0, 0.0)",1,"(0.0, 0.0, 0.0, 0.0, 0.0, 0.0)",1,16.5600000000004,343.5100000000011,0
2017-04-12,"(0.0, 0.0, 0.0, 0.0, 0.0, 0.0)",2,"(-1.0, 0.0, 0.0, 0.0, 0.0, 0.0)",-1,16.51000000000022,360.02000000000135,0
2017-04-13,"(-1.0, 0.0, 0.0, 0.0, 0.0, 0.0)",1,"(-1.0, 0.0, 0.0, 0.0, 0.0, 0.0)",1,-21.399999999999636,338.6200000000017,0
2017-04-18,"(-1.0, 0.0, 0.0, 0.0, 0.0, 0.0)",1,"(-1.0, 0.0, 0.0, 0.0, 0.0, 0.0)",1,-180.09000000000015,158.53000000000156,0
2017-04-19,"(-1.0, 0.0, 0.0, 0.0, 0.0, 0.0)",1,"(-1.0, 0.0, 0.0, 0.0, 0.0, 0.0)",1,-33.14000000000033,125.39000000000124,0
2017-04-20,"(-1.0, 0.0, 0.0, 0.0, 0.0, 0.0)",1,"(-1.0, 0.0, 0.0, 0.0, 0.0, 0.0)",1,4.180000000000291,129.57000000000153,0
2017-04-21,"(-1.0, 0.0, 0.0, 0.0, 0.0, 0.0)",1,"(-1.0, 0.0, 0.0, 0.0, 0.0, 0.0)",1,-3.9899999999997817,125.58000000000175,0
2017-04-24,"(-1.0, 0.0, 0.0, 0.0, 0.0, 0.0)",1,"(-1.0, 0.0, 0.0, 0.0, 0.0, 0.0)",1,150.1300000000001,275.71000000000186,0
2017-04-25,"(-1.0, 0.0, 0.0, 0.0, 0.0, 0.0)",1,"(-1.0, 0.0, 0.0, 0.0, 0.0, 0.0)",1,10.960000000000036,286.6700000000019,0
2017-04-26,"(-1.0, 0.0, 0.0, 0.0, 0.0, 0.0)",1,"(-1.0, 0.0, 0.0, 0.0, 0.0, 0.0)",1,13.079999999999927,299.7500000000018,0
2017-04-27,"(-1.0, 0.0, 0.0, 0.0, 0.0, 0.0)",1,"(-1.0, 0.0, 0.0, 0.0, 0.0, 0.0)",1,-51.55000000000018,248.20000000000164,0
2017-04-28,"(-1.0, 0.0, 0.0, 0.0, 0.0, 0.0)",1,"(-1.0, 0.0, 0.0, 0.0, 0.0, 0.0)",1,-33.23000000000047,214.97000000000116,0
2017-05-02,"(-1.0, 0.0, 0.0, 0.0, 0.0, 0.0)",1,"(-1.0, 0.0, 0.0, 0.0, 0.0, 0.0)",1,46.11000000000058,261.08000000000175,0
2017-05-03,"(-1.0, 0.0, 0.0, 0.0, 0.0, 0.0)",1,"(-1.0, 1.0, 0.0, 0.0, 0.0, 0.0)",1,-15.520000000000437,245.5600000000013,0
2017-05-04,"(-1.0, 1.0, 0.0, 0.0, 0.0, 0.0)",1,"(-1.0, 1.0, 0.0, 0.0, 0.0, 0.0)",1,13.570000000000618,259.1300000000019,0
2017-05-05,"(-1.0, 1.0, 0.0, 0.0, 0.0, 0.0)",1,"(0.0, 1.0, 0.0, 0.0, 0.0, 0.0)",1,49.32999999999993,308.46000000000186,0
2017-05-08,"(0.0, 1.0, 0.0, 0.0, 0.0, 0.0)",1,"(0.0, 0.0, 0.0, 0.0, 0.0, 0.0)",1,3.4299999999993815,311.89000000000124,0
2017-05-09,"(0.0, 0.0, 0.0, 0.0, 0.0, 0.0)",2,"(0.0, 0.0, 0.0, 0.0, 0.0, 0.0)",-1,-41.350000000000364,270.5400000000009,0
2017-05-10,"(0.0, 0.0, 0.0, 0.0, 0.0, 0.0)",2,"(0.0, 0.0, 0.0, 0.0, 0.0, 0.0)",-1,-43.029999999999745,227.51000000000113,0
2017-05-11,"(0.0, 0.0, 0.0, 0.0, 0.0, 0.0)",2,"(1.0, 0.0, 0.0, 0.0, 0.0, 0.0)",-1,-1.3900000000003274,226.1200000000008,0
2017-05-12,"(1.0, 0.0, 0.0, 0.0, 0.0, 0.0)",2,"(1.0, 0.0, 0.0, 0.0, 0.0, 0.0)",-1,-48.76000000000022,177.36000000000058,0
2017-05-15,"(1.0, 0.0, 0.0, 0.0, 0.0, 0.0)",2,"(1.0, 0.0, 0.0, 0.0, 0.0, 0.0)",-1,-18.979999999999563,158.38000000000102,0
2017-05-16,"(1.0, 0.0, 0.0, 0.0, 0.0, 0.0)",2,"(1.0, 0.0, 0.0, 0.0, 0.0, 0.0)",-1,-67.65999999999985,90.72000000000116,0
2017-05-17,"(1.0, 0.0, 0.0, 0.0, 0.0, 0.0)",2,"(1.0, 0.0, 0.0, 0.0, 0.0, 0.0)",-1,18.55999999999949,109.28000000000065,0
2017-05-18,"(1.0, 0.0, 0.0, 0.0, 0.0, 0.0)",2,"(1.0, 0.0, 0.0, 0.0, 0.0, 0.0)",-1,67.05000000000018,176.33000000000084,0
2017-05-19,"(1.0, 0.0, 0.0, 0.0, 0.0, 0.0)",2,"(1.0, 0.0, 0.0, 0.0, 0.0, 0.0)",-1,-34.289999999999964,142.04000000000087,0
2017-05-22,"(1.0, 0.0, 0.0, 0.0, 0.0, 0.0)",2,"(1.0, 0.0, 0.0, 0.0, 0.0, 0.0)",-1,-25.63000000000011,116.41000000000076,0
2017-05-23,"(1.0, 0.0, 0.0, 0.0, 0.0, 0.0)",2,"(1.0, 0.0, 0.0, 0.0, 0.0, 0.0)",-1,11.050000000000182,127.46000000000095,0
2017-05-24,"(1.0, 0.0, 0.0, 0.0, 0.0, 0.0)",2,"(1.0, 0.0, 0.0, 0.0, 0.0, 0.0)",-1,-29.609999999999673,97.85000000000127,0
2017-05-25,"(1.0, 0.0, 0.0, 0.0, 0.0, 0.0)",2,"(1.0, 0.0, 0.0, 0.0, 0.0, 0.0)",-1,-2.8100000000004,95.04000000000087,0
2017-05-26,"(1.0, 0.0, 0.0, 0.0, 0.0, 0.0)",2,"(1.0, 0.0, 0.0, 0.0, 0.0, 0.0)",-1,-29.920000000000073,65.1200000000008,0
2017-05-30,"(1.0, 0.0, 0.0, 0.0, 0.0, 0.0)",2,"(1.0, 0.0, 0.0, 0.0, 0.0, 0.0)",-1,21.11999999999989,86.24000000000069,0
2017-05-31,"(1.0, 0.0, 0.0, 0.0, 0.0, 0.0)",2,"(1.0, 0.0, 0.0, 0.0, 0.0, 0.0)",-1,6.5600000000004,92.80000000000109,0
2017-06-01,"(1.0, 0.0, 0.0, 0.0, 0.0, 0.0)",2,"(1.0, 0.0, 0.0, 0.0, 0.0, 0.0)",-1,-23.82000000000062,68.98000000000047,0
2017-06-02,"(1.0, 0.0, 0.0, 0.0, 0.0, 0.0)",2,"(1.0, 0.0, 0.0, 0.0, 0.0, 0.0)",-1,-3.8599999999996726,65.1200000000008,0
2017-06-05,"(1.0, 0.0, 0.0, 0.0, 0.0, 0.0)",2,"(1.0, 0.0, 0.0, 0.0, 0.0, 0.0)",-1,21.86999999999989,86.99000000000069,0
2017-06-06,"(1.0, 0.0, 0.0, 0.0, 0.0, 0.0)",2,"(1.0, 0.0, 0.0, 0.0, 0.0, 0.0)",-1,0.8100000000004002,87.80000000000109,0
2017-06-07,"(1.0, 0.0, 0.0, 0.0, 0.0, 0.0)",2,"(1.0, 0.0, 0.0, 0.0, 0.0, 0.0)",-1,46.32999999999993,134.13000000000102,0
2017-06-08,"(1.0, 0.0, 0.0, 0.0, 0.0, 0.0)",2,"(1.0, 0.0, 0.0, 0.0, 0.0, 0.0)",-1,28.640000000000327,162.77000000000135,0
2017-06-09,"(1.0, 0.0, 0.0, 0.0, 0.0, 0.0)",2,"(1.0, 0.0, 0.0, 0.0, 0.0, 0.0)",-1,-77.35000000000036,85.42000000000098,0
2017-06-12,"(1.0, 0.0, 0.0, 0.0, 0.0, 0.0)",2,"(1.0, 0.0, 0.0, 0.0, 0.0, 0.0)",-1,15.460000000000036,100.88000000000102,0
2017-06-13,"(1.0, 0.0, 0.0, 0.0, 0.0, 0.0)",2,"(0.0, 0.0, 0.0, 0.0, 0.0, 0.0)",-1,11.430000000000291,112.31000000000131,0
2017-06-14,"(0.0, 0.0, 0.0, 0.0, 0.0, 0.0)",2,"(0.0, 0.0, 0.0, 0.0, 0.0, 0.0)",-1,26.039999999999964,138.35000000000127,0
2017-06-15,"(0.0, 0.0, 0.0, 0.0, 0.0, 0.0)",2,"(0.0, 0.0, 0.0, 0.0, 0.0, 0.0)",-1,55.039999999999964,193.39000000000124,0
2017-06-16,"(0.0, 0.0, 0.0, 0.0, 0.0, 0.0)",2,"(0.0, 0.0, 0.0, 0.0, 0.0, 0.0)",-1,-44.18000000000029,149.21000000000095,0
2017-06-19,"(0.0, 0.0, 0.0, 0.0, 0.0, 0.0)",2,"(-1.0, 0.0, 0.0, 0.0, 0.0, 0.0)",-1,-60.27000000000044,88.94000000000051,0
2017-06-20,"(-1.0, 0.0, 0.0, 0.0, 0.0, 0.0)",1,"(-1.0, 0.0, 0.0, 0.0, 0.0, 0.0)",1,-51.100000000000364,37.840000000000146,0
2017-06-21,"(-1.0, 0.0, 0.0, 0.0, 0.0, 0.0)",1,"(-1.0, 0.0, 0.0, 0.0, 0.0, 0.0)",1,-24.920000000000073,12.920000000000073,0
2017-06-22,"(-1.0, 0.0, 0.0, 0.0, 0.0, 0.0)",1,"(-1.0, 0.0, 0.0, 0.0, 0.0, 0.0)",1,-8.5,4.420000000000073,0
2017-06-23,"(-1.0, 0.0, 0.0, 0.0, 0.0, 0.0)",1,"(-1.0, 0.0, 0.0, 0.0, 0.0, 0.0)",1,-15.159999999999854,-10.739999999999782,0
2017-06-26,"(-1.0, 0.0, 0.0, 0.0, 0.0, 0.0)",1,"(-1.0, 0.0, 0.0, 0.0, 0.0, 0.0)",1,22.670000000000073,11.930000000000291,0
2017-06-27,"(-1.0, 0.0, 0.0, 0.0, 0.0, 0.0)",1,"(-1.0, 0.0, 0.0, 0.0, 0.0, 0.0)",1,-12.44000000000051,-0.5100000000002183,0
2017-06-28,"(-1.0, 0.0, 0.0, 0.0, 0.0, 0.0)",1,"(-1.0, 0.0, 0.0, 0.0, 0.0, 0.0)",1,-46.55999999999949,-47.06999999999971,0
2017-06-29,"(-1.0, 0.0, 0.0, 0.0, 0.0, 0.0)",1,"(-1.0, 0.0, 0.0, 0.0, 0.0, 0.0)",1,-37.48000000000047,-84.55000000000018,0
2017-06-30,"(-1.0, 0.0, 0.0, 0.0, 0.0, 0.0)",1,"(-1.0, 0.0, 0.0, 0.0, 0.0, 0.0)",1,-37.599999999999454,-122.14999999999964,0
2017-07-03,"(-1.0, 0.0, 0.0, 0.0, 0.0, 0.0)",1,"(-1.0, 0.0, 0.0, 0.0, 0.0, 0.0)",1,64.36999999999989,-57.779999999999745,0
2017-07-04,"(-1.0, 0.0, 0.0, 0.0, 0.0, 0.0)",1,"(-1.0, 0.0, 0.0, 0.0, 0.0, 0.0)",1,-19.860000000000582,-77.64000000000033,0
2017-07-05,"(-1.0, 0.0, 0.0, 0.0, 0.0, 0.0)",1,"(-1.0, 0.0, 0.0, 0.0, 0.0, 0.0)",1,10.3700000000008,-67.26999999999953,0
2017-07-06,"(-1.0, 0.0, 0.0, 0.0, 0.0, 0.0)",1,"(-1.0, 0.0, 0.0, 0.0, 0.0, 0.0)",1,-30.32000000000062,-97.59000000000015,0
2017-07-07,"(-1.0, 0.0, 0.0, 0.0, 0.0, 0.0)",1,"(-1.0, 0.0, 0.0, 0.0, 0.0, 0.0)",1,13.640000000000327,-83.94999999999982,0
2017-07-10,"(-1.0, 0.0, 0.0, 0.0, 0.0, 0.0)",1,"(-1.0, 0.0, 0.0, 0.0, 0.0, 0.0)",1,19.109999999999673,-64.84000000000015,0
2017-07-11,"(-1.0, 0.0, 0.0, 0.0, 0.0, 0.0)",1,"(-1.0, 0.0, 0.0, 0.0, 0.0, 0.0)",1,-40.26999999999953,-105.10999999999967,0
2017-07-12,"(-1.0, 0.0, 0.0, 0.0, 0.0, 0.0)",1,"(-1.0, 0.0, 0.0, 0.0, 0.0, 0.0)",1,87.17000000000007,-17.9399999999996,0
2017-07-13,"(-1.0, 0.0, 0.0, 0.0, 0.0, 0.0)",1,"(-1.0, 1.0, 0.0, 0.0, 0.0, 0.0)",1,-3.490000000000691,-21.43000000000029,0
2017-07-14,"(-1.0, 1.0, 0.0, 0.0, 0.0, 0.0)",1,"(-1.0, 1.0, 0.0, 0.0, 0.0, 0.0)",1,-35.04999999999927,-56.47999999999956,0
2017-07-17,"(-1.0, 1.0, 0.0, 0.0, 0.0, 0.0)",1,"(0.0, 1.0, 0.0, 0.0, 0.0, 0.0)",1,25.73999999999978,-30.73999999999978,0
2017-07-18,"(0.0, 1.0, 0.0, 0.0, 0.0, 0.0)",1,"(0.0, 0.0, 0.0, 0.0, 0.0, 0.0)",1,-13.909999999999854,-44.649999999999636,0
2017-07-19,"(0.0, 0.0, 0.0, 0.0, 0.0, 0.0)",2,"(0.0, 0.0, 0.0, 0.0, 0.0, 0.0)",-1,-40.6899999999996,-85.33999999999924,0
2017-07-20,"(0.0, 0.0, 0.0, 0.0, 0.0, 0.0)",2,"(0.0, 0.0, 0.0, 0.0, 0.0, 0.0)",-1,-56.960000000000036,-142.29999999999927,0
2017-07-21,"(0.0, 0.0, 0.0, 0.0, 0.0, 0.0)",2,"(1.0, 0.0, 0.0, 0.0, 0.0, 0.0)",-1,34.960000000000036,-107.33999999999924,0
2017-07-24,"(1.0, 0.0, 0.0, 0.0, 0.0, 0.0)",2,"(1.0, 0.0, 0.0, 0.0, 0.0, 0.0)",-1,75.18000000000029,-32.159999999998945,0
2017-07-25,"(1.0, 0.0, 0.0, 0.0, 0.0, 0.0)",2,"(1.0, 0.0, 0.0, 0.0, 0.0, 0.0)",-1,-57.090000000000146,-89.24999999999909,0
2017-07-26,"(1.0, 0.0, 0.0, 0.0, 0.0, 0.0)",2,"(1.0, 0.0, 0.0, 0.0, 0.0, 0.0)",-1,-17.5,-106.74999999999909,0
2017-07-27,"(1.0, 0.0, 0.0, 0.0, 0.0, 0.0)",2,"(1.0, 0.0, 0.0, 0.0, 0.0, 0.0)",-1,9.30999999999949,-97.4399999999996,0
2017-07-28,"(1.0, 0.0, 0.0, 0.0, 0.0, 0.0)",2,"(1.0, 0.0, 0.0, 0.0, 0.0, 0.0)",-1,74.64000000000033,-22.799999999999272,0
2017-07-31,"(1.0, 0.0, 0.0, 0.0, 0.0, 0.0)",2,"(1.0, 0.0, 0.0, 0.0, 0.0, 0.0)",-1,-3.630000000000109,-26.42999999999938,0
2017-08-01,"(1.0, 0.0, 0.0, 0.0, 0.0, 0.0)",2,"(1.0, 1.0, 0.0, 0.0, 0.0, 0.0)",-1,-51.659999999999854,-78.08999999999924,0
2017-08-02,"(1.0, 1.0, 0.0, 0.0, 0.0, 0.0)",2,"(1.0, 1.0, 0.0, 0.0, 0.0, 0.0)",-1,12.229999999999563,-65.85999999999967,0
2017-08-03,"(1.0, 1.0, 0.0, 0.0, 0.0, 0.0)",2,"(1.0, 1.0, 0.0, 0.0, 0.0, 0.0)",-1,-63.340000000000146,-129.19999999999982,0
2017-08-04,"(1.0, 1.0, 0.0, 0.0, 0.0, 0.0)",2,"(0.0, 0.0, 0.0, 0.0, 0.0, 0.0)",-1,-36.9399999999996,-166.13999999999942,0
2017-08-07,"(0.0, 0.0, 0.0, 0.0, 0.0, 0.0)",2,"(1.0, 0.0, 0.0, 0.0, 0.0, 0.0)",-1,-20.229999999999563,-186.36999999999898,0
2017-08-08,"(1.0, 0.0, 0.0, 0.0, 0.0, 0.0)",2,"(1.0, 0.0, 0.0, 0.0, 0.0, 0.0)",-1,-10.789999999999964,-197.15999999999894,0
2017-08-09,"(1.0, 0.0, 0.0, 0.0, 0.0, 0.0)",2,"(1.0, 0.0, 0.0, 0.0, 0.0, 0.0)",-1,44.66999999999916,-152.48999999999978,0
2017-08-10,"(1.0, 0.0, 0.0, 0.0, 0.0, 0.0)",2,"(1.0, 0.0, 0.0, 0.0, 0.0, 0.0)",-1,108.1200000000008,-44.36999999999898,0
2017-08-11,"(1.0, 0.0, 0.0, 0.0, 0.0, 0.0)",2,"(1.0, 0.0, 0.0, 0.0, 0.0, 0.0)",-1,79.97999999999956,35.61000000000058,0
2017-08-14,"(1.0, 0.0, 0.0, 0.0, 0.0, 0.0)",2,"(1.0, 0.0, 0.0, 0.0, 0.0, 0.0)",-1,-43.93000000000029,-8.319999999999709,0
2017-08-15,"(1.0, 0.0, 0.0, 0.0, 0.0, 0.0)",2,"(0.0, 0.0, 0.0, 0.0, 0.0, 0.0)",-1,-29.960000000000036,-38.279999999999745,0
2017-08-16,"(0.0, 0.0, 0.0, 0.0, 0.0, 0.0)",2,"(0.0, 0.0, 0.0, 0.0, 0.0, 0.0)",-1,-49.17999999999938,-87.45999999999913,0
2017-08-17,"(0.0, 0.0, 0.0, 0.0, 0.0, 0.0)",2,"(0.0, 0.0, 0.0, 0.0, 0.0, 0.0)",-1,45.159999999999854,-42.29999999999927,0
2017-08-18,"(0.0, 0.0, 0.0, 0.0, 0.0, 0.0)",2,"(0.0, 0.0, 0.0, 0.0, 0.0, 0.0)",-1,63.89000000000033,21.590000000001055,0
2017-08-21,"(0.0, 0.0, 0.0, 0.0, 0.0, 0.0)",2,"(0.0, 0.0, 0.0, 0.0, 0.0, 0.0)",-1,5.099999999999454,26.69000000000051,0
2017-08-22,"(0.0, 0.0, 0.0, 0.0, 0.0, 0.0)",2,"(0.0, 0.0, 0.0, 0.0, 0.0, 0.0)",-1,-62.85999999999967,-36.16999999999916,0
2017-08-23,"(0.0, 0.0, 0.0, 0.0, 0.0, 0.0)",2,"(0.0, 0.0, 0.0, 0.0, 0.0, 0.0)",-1,-0.9099999999998545,-37.07999999999902,0
2017-08-24,"(0.0, 0.0, 0.0, 0.0, 0.0, 0.0)",2,"(0.0, 0.0, 0.0, 0.0, 0.0, 0.0)",-1,-24.410000000000764,-61.48999999999978,0
2017-08-25,"(0.0, 0.0, 0.0, 0.0, 0.0, 0.0)",2,"(-1.0, 0.0, 0.0, 0.0, 0.0, 0.0)",-1,5.600000000000364,-55.88999999999942,0
2017-08-29,"(-1.0, 0.0, 0.0, 0.0, 0.0, 0.0)",1,"(-1.0, 0.0, 0.0, 0.0, 0.0, 0.0)",1,-64.02999999999975,-119.91999999999916,0
2017-08-30,"(-1.0, 0.0, 0.0, 0.0, 0.0, 0.0)",1,"(-1.0, 0.0, 0.0, 0.0, 0.0, 0.0)",1,27.829999999999927,-92.08999999999924,0
2017-08-31,"(-1.0, 0.0, 0.0, 0.0, 0.0, 0.0)",1,"(-1.0, 1.0, 0.0, 0.0, 0.0, 0.0)",1,65.35999999999967,-26.729999999999563,0
2017-09-01,"(-1.0, 1.0, 0.0, 0.0, 0.0, 0.0)",1,"(0.0, 1.0, 0.0, 0.0, 0.0, 0.0)",1,7.880000000000109,-18.849999999999454,0
2017-09-04,"(0.0, 1.0, 0.0, 0.0, 0.0, 0.0)",1,"(0.0, 1.0, 0.0, 0.0, 0.0, 0.0)",1,-27.029999999999745,-45.8799999999992,0
2017-09-05,"(0.0, 1.0, 0.0, 0.0, 0.0, 0.0)",1,"(0.0, 0.0, 0.0, 0.0, 0.0, 0.0)",1,-38.55000000000018,-84.42999999999938,0
2017-09-06,"(0.0, 0.0, 0.0, 0.0, 0.0, 0.0)",2,"(0.0, 0.0, 0.0, 0.0, 0.0, 0.0)",-1,18.789999999999964,-65.63999999999942,0
2017-09-07,"(0.0, 0.0, 0.0, 0.0, 0.0, 0.0)",2,"(1.0, 0.0, 0.0, 0.0, 0.0, 0.0)",-1,-42.849999999999454,-108.48999999999887,0
2017-09-08,"(1.0, 0.0, 0.0, 0.0, 0.0, 0.0)",2,"(1.0, 0.0, 0.0, 0.0, 0.0, 0.0)",-1,19.3799999999992,-89.10999999999967,0
2017-09-11,"(1.0, 0.0, 0.0, 0.0, 0.0, 0.0)",2,"(1.0, 0.0, 0.0, 0.0, 0.0, 0.0)",-1,-35.98999999999978,-125.09999999999945,0
2017-09-12,"(1.0, 0.0, 0.0, 0.0, 0.0, 0.0)",2,"(1.0, 0.0, 0.0, 0.0, 0.0, 0.0)",-1,12.900000000000546,-112.19999999999891,0
2017-09-13,"(1.0, 0.0, 0.0, 0.0, 0.0, 0.0)",2,"(1.0, 0.0, 0.0, 0.0, 0.0, 0.0)",-1,20.98999999999978,-91.20999999999913,0
2017-09-14,"(1.0, 0.0, 0.0, 0.0, 0.0, 0.0)",2,"(0.0, 0.0, 0.0, 0.0, 0.0, 0.0)",-1,84.30999999999949,-6.899999999999636,0
2017-09-15,"(0.0, 0.0, 0.0, 0.0, 0.0, 0.0)",2,"(0.0, 0.0, 0.0, 0.0, 0.0, 0.0)",-1,79.92000000000007,73.02000000000044,0
2017-09-18,"(0.0, 0.0, 0.0, 0.0, 0.0, 0.0)",2,"(-1.0, 0.0, 0.0, 0.0, 0.0, 0.0)",-1,-37.80999999999949,35.210000000000946,0
2017-09-19,"(-1.0, 0.0, 0.0, 0.0, 0.0, 0.0)",1,"(-1.0, 0.0, 0.0, 0.0, 0.0, 0.0)",1,21.970000000000255,57.1800000000012,0
2017-09-20,"(-1.0, 0.0, 0.0, 0.0, 0.0, 0.0)",1,"(-1.0, 0.0, 0.0, 0.0, 0.0, 0.0)",1,-3.300000000000182,53.88000000000102,0
2017-09-21,"(-1.0, 0.0, 0.0, 0.0, 0.0, 0.0)",1,"(-1.0, 0.0, 0.0, 0.0, 0.0, 0.0)",1,-8.050000000000182,45.83000000000084,0
2017-09-22,"(-1.0, 0.0, 0.0, 0.0, 0.0, 0.0)",1,"(-1.0, 0.0, 0.0, 0.0, 0.0, 0.0)",1,46.74000000000069,92.57000000000153,0
2017-09-25,"(-1.0, 0.0, 0.0, 0.0, 0.0, 0.0)",1,"(-1.0, 0.0, 0.0, 0.0, 0.0, 0.0)",1,-9.350000000000364,83.22000000000116,0
2017-09-26,"(-1.0, 0.0, 0.0, 0.0, 0.0, 0.0)",1,"(-1.0, 0.0, 0.0, 0.0, 0.0, 0.0)",1,-15.550000000000182,67.67000000000098,0
2017-09-27,"(-1.0, 0.0, 0.0, 0.0, 0.0, 0.0)",1,"(-1.0, 0.0, 0.0, 0.0, 0.0, 0.0)",1,27.770000000000437,95.44000000000142,0
2017-09-28,"(-1.0, 0.0, 0.0, 0.0, 0.0, 0.0)",1,"(-1.0, 1.0, 0.0, 0.0, 0.0, 0.0)",1,9.30999999999949,104.75000000000091,0
2017-09-29,"(-1.0, 1.0, 0.0, 0.0, 0.0, 0.0)",1,"(-1.0, 1.0, 0.0, 0.0, 0.0, 0.0)",1,49.94000000000051,154.69000000000142,0
2017-10-02,"(-1.0, 1.0, 0.0, 0.0, 0.0, 0.0)",1,"(0.0, 1.0, 0.0, 0.0, 0.0, 0.0)",1,66.07999999999993,220.77000000000135,0
2017-10-03,"(0.0, 1.0, 0.0, 0.0, 0.0, 0.0)",1,"(0.0, 0.0, 0.0, 0.0, 0.0, 0.0)",1,29.269999999999527,250.04000000000087,0
2017-10-04,"(0.0, 0.0, 0.0, 0.0, 0.0, 0.0)",2,"(0.0, 0.0, 0.0, 0.0, 0.0, 0.0)",-1,0.5299999999997453,250.57000000000062,0
2017-10-05,"(0.0, 0.0, 0.0, 0.0, 0.0, 0.0)",2,"(0.0, 0.0, 0.0, 0.0, 0.0, 0.0)",-1,-40.409999999999854,210.16000000000076,0
2017-10-06,"(0.0, 0.0, 0.0, 0.0, 0.0, 0.0)",2,"(1.0, 0.0, 0.0, 0.0, 0.0, 0.0)",-1,-14.88000000000011,195.28000000000065,0
2017-10-09,"(1.0, 0.0, 0.0, 0.0, 0.0, 0.0)",2,"(1.0, 0.0, 0.0, 0.0, 0.0, 0.0)",-1,14.979999999999563,210.26000000000022,0
2017-10-10,"(1.0, 0.0, 0.0, 0.0, 0.0, 0.0)",2,"(1.0, 0.0, 0.0, 0.0, 0.0, 0.0)",-1,-30.38000000000011,179.8800000000001,0
2017-10-11,"(1.0, 0.0, 0.0, 0.0, 0.0, 0.0)",2,"(1.0, 0.0, 0.0, 0.0, 0.0, 0.0)",-1,4.460000000000036,184.34000000000015,0
2017-10-12,"(1.0, 0.0, 0.0, 0.0, 0.0, 0.0)",2,"(1.0, 0.0, 0.0, 0.0, 0.0, 0.0)",-1,-22.42999999999938,161.91000000000076,0
2017-10-13,"(1.0, 0.0, 0.0, 0.0, 0.0, 0.0)",2,"(1.0, 0.0, 0.0, 0.0, 0.0, 0.0)",-1,20.800000000000182,182.71000000000095,0
2017-10-16,"(1.0, 0.0, 0.0, 0.0, 0.0, 0.0)",2,"(1.0, 0.0, 0.0, 0.0, 0.0, 0.0)",-1,8.469999999999345,191.1800000000003,0
2017-10-17,"(1.0, 0.0, 0.0, 0.0, 0.0, 0.0)",2,"(1.0, 0.0, 0.0, 0.0, 0.0, 0.0)",-1,10.800000000000182,201.98000000000047,0
2017-10-18,"(1.0, 0.0, 0.0, 0.0, 0.0, 0.0)",2,"(1.0, 0.0, 0.0, 0.0, 0.0, 0.0)",-1,-26.699999999999818,175.28000000000065,0
2017-10-19,"(1.0, 0.0, 0.0, 0.0, 0.0, 0.0)",2,"(1.0, 0.0, 0.0, 0.0, 0.0, 0.0)",-1,19.829999999999927,195.11000000000058,0
2017-10-20,"(1.0, 0.0, 0.0, 0.0, 0.0, 0.0)",2,"(1.0, 0.0, 0.0, 0.0, 0.0, 0.0)",-1,-0.18999999999959982,194.92000000000098,0
2017-10-23,"(1.0, 0.0, 0.0, 0.0, 0.0, 0.0)",2,"(1.0, 0.0, 0.0, 0.0, 0.0, 0.0)",-1,-1.2200000000002547,193.70000000000073,0
2017-10-24,"(1.0, 0.0, 0.0, 0.0, 0.0, 0.0)",2,"(1.0, 0.0, 0.0, 0.0, 0.0, 0.0)",-1,-2.0900000000001455,191.61000000000058,0
2017-10-25,"(1.0, 0.0, 0.0, 0.0, 0.0, 0.0)",2,"(1.0, 0.0, 0.0, 0.0, 0.0, 0.0)",-1,79.32999999999993,270.9400000000005,0
2017-10-26,"(1.0, 0.0, 0.0, 0.0, 0.0, 0.0)",2,"(0.0, 0.0, 0.0, 0.0, 0.0, 0.0)",-1,-39.289999999999964,231.65000000000055,0
2017-10-27,"(0.0, 0.0, 0.0, 0.0, 0.0, 0.0)",2,"(0.0, 0.0, 0.0, 0.0, 0.0, 0.0)",-1,-18.529999999999745,213.1200000000008,0
2017-10-30,"(0.0, 0.0, 0.0, 0.0, 0.0, 0.0)",2,"(0.0, 0.0, 0.0, 0.0, 0.0, 0.0)",-1,17.219999999999345,230.34000000000015,0
2017-10-31,"(0.0, 0.0, 0.0, 0.0, 0.0, 0.0)",2,"(0.0, 0.0, 0.0, 0.0, 0.0, 0.0)",-1,-5.269999999999527,225.07000000000062,0
2017-11-01,"(0.0, 0.0, 0.0, 0.0, 0.0, 0.0)",2,"(-1.0, 0.0, 0.0, 0.0, 0.0, 0.0)",-1,5.119999999999891,230.1900000000005,0
2017-11-02,"(-1.0, 0.0, 0.0, 0.0, 0.0, 0.0)",1,"(-1.0, 0.0, 0.0, 0.0, 0.0, 0.0)",1,67.35999999999967,297.5500000000002,0
2017-11-03,"(-1.0, 0.0, 0.0, 0.0, 0.0, 0.0)",1,"(-1.0, 0.0, 0.0, 0.0, 0.0, 0.0)",1,5.030000000000655,302.58000000000084,0
2017-11-06,"(-1.0, 0.0, 0.0, 0.0, 0.0, 0.0)",1,"(-1.0, 1.0, 0.0, 0.0, 0.0, 0.0)",1,1.9299999999993815,304.5100000000002,0
2017-11-07,"(-1.0, 1.0, 0.0, 0.0, 0.0, 0.0)",1,"(-1.0, 1.0, 0.0, 0.0, 0.0, 0.0)",1,-49.17000000000007,255.34000000000015,0
2017-11-08,"(-1.0, 1.0, 0.0, 0.0, 0.0, 0.0)",1,"(0.0, 1.0, 0.0, 0.0, 0.0, 0.0)",1,16.610000000000582,271.9500000000007,0
2017-11-09,"(0.0, 1.0, 0.0, 0.0, 0.0, 0.0)",1,"(0.0, 0.0, 0.0, 0.0, 0.0, 0.0)",1,-45.61999999999989,226.33000000000084,0
2017-11-10,"(0.0, 0.0, 0.0, 0.0, 0.0, 0.0)",2,"(0.0, 0.0, 0.0, 0.0, 0.0, 0.0)",-1,51.11000000000058,277.4400000000014,0
2017-11-13,"(0.0, 0.0, 0.0, 0.0, 0.0, 0.0)",2,"(0.0, 0.0, 0.0, 0.0, 0.0, 0.0)",-1,17.80999999999949,295.2500000000009,0
2017-11-14,"(0.0, 0.0, 0.0, 0.0, 0.0, 0.0)",2,"(0.0, 0.0, 0.0, 0.0, 0.0, 0.0)",-1,0.7600000000002183,296.0100000000011,0
2017-11-15,"(0.0, 0.0, 0.0, 0.0, 0.0, 0.0)",2,"(-1.0, 0.0, 0.0, 0.0, 0.0, 0.0)",-1,41.8100000000004,337.8200000000015,0
2017-11-16,"(-1.0, 0.0, 0.0, 0.0, 0.0, 0.0)",1,"(-1.0, 0.0, 0.0, 0.0, 0.0, 0.0)",1,14.329999999999927,352.15000000000146,0
2017-11-17,"(-1.0, 0.0, 0.0, 0.0, 0.0, 0.0)",1,"(-1.0, 0.0, 0.0, 0.0, 0.0, 0.0)",1,-6.259999999999309,345.89000000000215,0
2017-11-20,"(-1.0, 0.0, 0.0, 0.0, 0.0, 0.0)",1,"(-1.0, 0.0, 0.0, 0.0, 0.0, 0.0)",1,8.779999999999745,354.6700000000019,0
2017-11-21,"(-1.0, 0.0, 0.0, 0.0, 0.0, 0.0)",1,"(-1.0, 0.0, 0.0, 0.0, 0.0, 0.0)",1,21.88000000000011,376.550000000002,0
2017-11-22,"(-1.0, 0.0, 0.0, 0.0, 0.0, 0.0)",1,"(-1.0, 0.0, 0.0, 0.0, 0.0, 0.0)",1,7.680000000000291,384.2300000000023,0
2017-11-23,"(-1.0, 0.0, 0.0, 0.0, 0.0, 0.0)",1,"(-1.0, 0.0, 0.0, 0.0, 0.0, 0.0)",1,-1.7800000000006548,382.45000000000164,0
2017-11-24,"(-1.0, 0.0, 0.0, 0.0, 0.0, 0.0)",1,"(-1.0, 0.0, 0.0, 0.0, 0.0, 0.0)",1,-7.599999999999454,374.8500000000022,0
2017-11-27,"(-1.0, 0.0, 0.0, 0.0, 0.0, 0.0)",1,"(-1.0, 0.0, 0.0, 0.0, 0.0, 0.0)",1,-25.74000000000069,349.1100000000015,0
2017-11-28,"(-1.0, 0.0, 0.0, 0.0, 0.0, 0.0)",1,"(-1.0, 0.0, 0.0, 0.0, 0.0, 0.0)",1,76.75,425.8600000000015,0
2017-11-29,"(-1.0, 0.0, 0.0, 0.0, 0.0, 0.0)",1,"(-1.0, 0.0, 0.0, 0.0, 0.0, 0.0)",1,-67.08999999999924,358.77000000000226,0
2017-11-30,"(-1.0, 0.0, 0.0, 0.0, 0.0, 0.0)",1,"(-1.0, 0.0, 0.0, 0.0, 0.0, 0.0)",1,-66.89000000000033,291.8800000000019,0
2017-12-01,"(-1.0, 0.0, 0.0, 0.0, 0.0, 0.0)",1,"(-1.0, 0.0, 0.0, 0.0, 0.0, 0.0)",1,-26.18000000000029,265.70000000000164,0
2017-12-04,"(-1.0, 0.0, 0.0, 0.0, 0.0, 0.0)",1,"(-1.0, 0.0, 0.0, 0.0, 0.0, 0.0)",1,38.48000000000047,304.1800000000021,0
2017-12-05,"(-1.0, 0.0, 0.0, 0.0, 0.0, 0.0)",1,"(-1.0, 0.0, 0.0, 0.0, 0.0, 0.0)",1,-11.470000000000255,292.71000000000186,0
2017-12-06,"(-1.0, 0.0, 0.0, 0.0, 0.0, 0.0)",1,"(-1.0, 0.0, 0.0, 0.0, 0.0, 0.0)",1,20.529999999999745,313.2400000000016,0
2017-12-07,"(-1.0, 0.0, 0.0, 0.0, 0.0, 0.0)",1,"(-1.0, 0.0, 0.0, 0.0, 0.0, 0.0)",1,-27.279999999999745,285.96000000000186,0
2017-12-08,"(-1.0, 0.0, 0.0, 0.0, 0.0, 0.0)",1,"(-1.0, 0.0, 0.0, 0.0, 0.0, 0.0)",1,73.21000000000004,359.1700000000019,0
2017-12-11,"(-1.0, 0.0, 0.0, 0.0, 0.0, 0.0)",1,"(-1.0, 1.0, 0.0, 0.0, 0.0, 0.0)",1,59.51999999999953,418.6900000000014,0
2017-12-12,"(-1.0, 1.0, 0.0, 0.0, 0.0, 0.0)",1,"(-1.0, 1.0, 0.0, 0.0, 0.0, 0.0)",1,46.93000000000029,465.6200000000017,0
2017-12-13,"(-1.0, 1.0, 0.0, 0.0, 0.0, 0.0)",1,"(-1.0, 1.0, 0.0, 0.0, 0.0, 0.0)",1,-3.899999999999636,461.7200000000021,0
2017-12-14,"(-1.0, 1.0, 0.0, 0.0, 0.0, 0.0)",1,"(-1.0, 0.0, 0.0, 0.0, 0.0, 0.0)",1,-48.39000000000033,413.33000000000175,0
2017-12-15,"(-1.0, 0.0, 0.0, 0.0, 0.0, 0.0)",1,"(0.0, 0.0, 0.0, 0.0, 0.0, 0.0)",1,42.44999999999982,455.78000000000156,0
2017-12-18,"(0.0, 0.0, 0.0, 0.0, 0.0, 0.0)",2,"(1.0, 0.0, 0.0, 0.0, 0.0, 0.0)",-1,-46.44000000000051,409.34000000000106,0
2017-12-19,"(1.0, 0.0, 0.0, 0.0, 0.0, 0.0)",2,"(0.0, 0.0, 0.0, 0.0, 0.0, 0.0)",-1,-7.079999999999927,402.2600000000011,0
2017-12-20,"(0.0, 0.0, 0.0, 0.0, 0.0, 0.0)",2,"(1.0, 0.0, 0.0, 0.0, 0.0, 0.0)",-1,18.86999999999989,421.130000000001,0
2017-12-21,"(1.0, 0.0, 0.0, 0.0, 0.0, 0.0)",2,"(1.0, 0.0, 0.0, 0.0, 0.0, 0.0)",-1,-78.75999999999931,342.3700000000017,0
2017-12-22,"(1.0, 0.0, 0.0, 0.0, 0.0, 0.0)",2,"(1.0, 0.0, 0.0, 0.0, 0.0, 0.0)",-1,11.319999999999709,353.6900000000014,0
2017-12-27,"(1.0, 0.0, 0.0, 0.0, 0.0, 0.0)",2,"(1.0, 0.0, 0.0, 0.0, 0.0, 0.0)",-1,-28.020000000000437,325.670000000001,0
2017-12-28,"(1.0, 0.0, 0.0, 0.0, 0.0, 0.0)",2,"(1.0, 0.0, 0.0, 0.0, 0.0, 0.0)",-1,-2.199999999999818,323.47000000000116,0
2017-12-29,"(1.0, 0.0, 0.0, 0.0, 0.0, 0.0)",2,"(1.0, 0.0, 0.0, 0.0, 0.0, 0.0)",-1,-64.89000000000033,258.58000000000084,0
2018-01-02,"(1.0, 0.0, 0.0, 0.0, 0.0, 0.0)",2,"(1.0, 0.0, 0.0, 0.0, 0.0, 0.0)",-1,39.67000000000007,298.2500000000009,0
2018-01-03,"(1.0, 0.0, 0.0, 0.0, 0.0, 0.0)",2,"(1.0, 0.0, 0.0, 0.0, 0.0, 0.0)",-1,-23.00999999999931,275.2400000000016,0
2018-01-04,"(1.0, 0.0, 0.0, 0.0, 0.0, 0.0)",2,"(1.0, 0.0, 0.0, 0.0, 0.0, 0.0)",-1,-24.770000000000437,250.47000000000116,0
2018-01-05,"(1.0, 0.0, 0.0, 0.0, 0.0, 0.0)",2,"(1.0, 0.0, 0.0, 0.0, 0.0, 0.0)",-1,-28.340000000000146,222.13000000000102,0
2018-01-08,"(1.0, 0.0, 0.0, 0.0, 0.0, 0.0)",2,"(1.0, 0.0, 0.0, 0.0, 0.0, 0.0)",-1,27.710000000000036,249.84000000000106,0
2018-01-09,"(1.0, 0.0, 0.0, 0.0, 0.0, 0.0)",2,"(1.0, 0.0, 0.0, 0.0, 0.0, 0.0)",-1,-34.51000000000022,215.33000000000084,0
2018-01-10,"(1.0, 0.0, 0.0, 0.0, 0.0, 0.0)",2,"(1.0, 0.0, 0.0, 0.0, 0.0, 0.0)",-1,-17.48999999999978,197.84000000000106,0
2018-01-11,"(1.0, 0.0, 0.0, 0.0, 0.0, 0.0)",2,"(1.0, 0.0, 0.0, 0.0, 0.0, 0.0)",-1,-14.429999999999382,183.41000000000167,0
2018-01-12,"(1.0, 0.0, 0.0, 0.0, 0.0, 0.0)",2,"(1.0, 0.0, 0.0, 0.0, 0.0, 0.0)",-1,-15.700000000000728,167.71000000000095,0
2018-01-15,"(1.0, 0.0, 0.0, 0.0, 0.0, 0.0)",2,"(1.0, 0.0, 0.0, 0.0, 0.0, 0.0)",-1,9.5,177.21000000000095,0
2018-01-16,"(1.0, 0.0, 0.0, 0.0, 0.0, 0.0)",2,"(1.0, 0.0, 0.0, 0.0, 0.0, 0.0)",-1,13.210000000000036,190.42000000000098,0
2018-01-17,"(1.0, 0.0, 0.0, 0.0, 0.0, 0.0)",2,"(1.0, 0.0, 0.0, 0.0, 0.0, 0.0)",-1,30.5,220.92000000000098,0
2018-01-18,"(1.0, 0.0, 0.0, 0.0, 0.0, 0.0)",2,"(1.0, 0.0, 0.0, 0.0, 0.0, 0.0)",-1,24.470000000000255,245.39000000000124,0
2018-01-19,"(1.0, 0.0, 0.0, 0.0, 0.0, 0.0)",2,"(1.0, 0.0, 0.0, 0.0, 0.0, 0.0)",-1,-29.829999999999927,215.5600000000013,0
2018-01-22,"(1.0, 0.0, 0.0, 0.0, 0.0, 0.0)",2,"(1.0, 0.0, 0.0, 0.0, 0.0, 0.0)",-1,15.350000000000364,230.91000000000167,0
2018-01-23,"(1.0, 0.0, 0.0, 0.0, 0.0, 0.0)",2,"(1.0, 0.0, 0.0, 0.0, 0.0, 0.0)",-1,-16.390000000000327,214.52000000000135,0
2018-01-24,"(1.0, 0.0, 0.0, 0.0, 0.0, 0.0)",2,"(1.0, 0.0, 0.0, 0.0, 0.0, 0.0)",-1,88.39999999999964,302.920000000001,0
2018-01-25,"(1.0, 0.0, 0.0, 0.0, 0.0, 0.0)",2,"(0.0, 0.0, 0.0, 0.0, 0.0, 0.0)",-1,27.590000000000146,330.5100000000011,0
2018-01-26,"(0.0, 0.0, 0.0, 0.0, 0.0, 0.0)",2,"(0.0, 0.0, 0.0, 0.0, 0.0, 0.0)",-1,-49.69999999999982,280.8100000000013,0
2018-01-29,"(0.0, 0.0, 0.0, 0.0, 0.0, 0.0)",2,"(0.0, 0.0, 0.0, 0.0, 0.0, 0.0)",-1,-5.989999999999782,274.8200000000015,0
2018-01-30,"(0.0, 0.0, 0.0, 0.0, 0.0, 0.0)",2,"(0.0, 0.0, 0.0, 0.0, 0.0, 0.0)",-1,83.55000000000018,358.3700000000017,0
2018-01-31,"(0.0, 0.0, 0.0, 0.0, 0.0, 0.0)",2,"(-1.0, 0.0, 0.0, 0.0, 0.0, 0.0)",-1,54.42999999999938,412.8000000000011,0
2018-02-01,"(-1.0, 0.0, 0.0, 0.0, 0.0, 0.0)",1,"(-1.0, 0.0, 0.0, 0.0, 0.0, 0.0)",1,-43.159999999999854,369.64000000000124,0
2018-02-02,"(-1.0, 0.0, 0.0, 0.0, 0.0, 0.0)",1,"(-1.0, 0.0, 0.0, 0.0, 0.0, 0.0)",1,-46.960000000000036,322.6800000000012,0
2018-02-05,"(-1.0, 0.0, 0.0, 0.0, 0.0, 0.0)",1,"(-1.0, 0.0, 0.0, 0.0, 0.0, 0.0)",1,-108.45000000000073,214.23000000000047,0
2018-02-06,"(-1.0, 0.0, 0.0, 0.0, 0.0, 0.0)",1,"(-1.0, 0.0, 0.0, 0.0, 0.0, 0.0)",1,-193.57999999999993,20.650000000000546,0
2018-02-07,"(-1.0, 0.0, 0.0, 0.0, 0.0, 0.0)",1,"(-1.0, 0.0, 0.0, 0.0, 0.0, 0.0)",1,138.02000000000044,158.67000000000098,0
2018-02-08,"(-1.0, 0.0, 0.0, 0.0, 0.0, 0.0)",1,"(-1.0, 0.0, 0.0, 0.0, 0.0, 0.0)",1,-108.73000000000047,49.94000000000051,0
2018-02-09,"(-1.0, 0.0, 0.0, 0.0, 0.0, 0.0)",1,"(-1.0, 0.0, 0.0, 0.0, 0.0, 0.0)",1,-78.25999999999931,-28.3199999999988,0
2018-02-12,"(-1.0, 0.0, 0.0, 0.0, 0.0, 0.0)",1,"(-1.0, 0.0, 0.0, 0.0, 0.0, 0.0)",1,84.63000000000011,56.31000000000131,0
2018-02-13,"(-1.0, 0.0, 0.0, 0.0, 0.0, 0.0)",1,"(-1.0, 0.0, 0.0, 0.0, 0.0, 0.0)",1,-9.050000000000182,47.26000000000113,0
2018-02-14,"(-1.0, 0.0, 0.0, 0.0, 0.0, 0.0)",1,"(-1.0, 0.0, 0.0, 0.0, 0.0, 0.0)",1,45.960000000000036,93.22000000000116,0
2018-02-15,"(-1.0, 0.0, 0.0, 0.0, 0.0, 0.0)",1,"(-1.0, 0.0, 0.0, 0.0, 0.0, 0.0)",1,20.840000000000146,114.06000000000131,0
2018-02-16,"(-1.0, 0.0, 0.0, 0.0, 0.0, 0.0)",1,"(-1.0, 0.0, 0.0, 0.0, 0.0, 0.0)",1,59.88999999999942,173.95000000000073,0
2018-02-19,"(-1.0, 0.0, 0.0, 0.0, 0.0, 0.0)",1,"(-1.0, 0.0, 0.0, 0.0, 0.0, 0.0)",1,-47.039999999999964,126.91000000000076,0
2018-02-20,"(-1.0, 0.0, 0.0, 0.0, 0.0, 0.0)",1,"(-1.0, 0.0, 0.0, 0.0, 0.0, 0.0)",1,-0.8899999999994179,126.02000000000135,0
2018-02-21,"(-1.0, 0.0, 0.0, 0.0, 0.0, 0.0)",1,"(-1.0, 1.0, 0.0, 0.0, 0.0, 0.0)",1,34.79999999999927,160.82000000000062,0
2018-02-22,"(-1.0, 1.0, 0.0, 0.0, 0.0, 0.0)",1,"(-1.0, 1.0, 0.0, 0.0, 0.0, 0.0)",1,-29.17999999999938,131.64000000000124,0
2018-02-23,"(-1.0, 1.0, 0.0, 0.0, 0.0, 0.0)",1,"(0.0, 1.0, 0.0, 0.0, 0.0, 0.0)",1,-7.980000000000473,123.66000000000076,0
2018-02-26,"(0.0, 1.0, 0.0, 0.0, 0.0, 0.0)",1,"(0.0, 0.0, 0.0, 0.0, 0.0, 0.0)",1,45.17000000000007,168.83000000000084,0
2018-02-27,"(0.0, 0.0, 0.0, 0.0, 0.0, 0.0)",2,"(0.0, 0.0, 0.0, 0.0, 0.0, 0.0)",-1,7.130000000000109,175.96000000000095,0
2018-02-28,"(0.0, 0.0, 0.0, 0.0, 0.0, 0.0)",2,"(0.0, 0.0, 0.0, 0.0, 0.0, 0.0)",-1,50.539999999999964,226.5000000000009,0
2018-03-01,"(0.0, 0.0, 0.0, 0.0, 0.0, 0.0)",2,"(0.0, 0.0, 0.0, 0.0, 0.0, 0.0)",-1,56.26999999999953,282.77000000000044,0
2018-03-02,"(0.0, 0.0, 0.0, 0.0, 0.0, 0.0)",2,"(1.0, 0.0, 0.0, 0.0, 0.0, 0.0)",-1,105.74000000000069,388.5100000000011,0
2018-03-05,"(1.0, 0.0, 0.0, 0.0, 0.0, 0.0)",2,"(0.0, 0.0, 0.0, 0.0, 0.0, 0.0)",-1,-46.07999999999993,342.4300000000012,0
2018-03-06,"(0.0, 0.0, 0.0, 0.0, 0.0, 0.0)",2,"(0.0, 0.0, 0.0, 0.0, 0.0, 0.0)",-1,-30.770000000000437,311.66000000000076,0
2018-03-07,"(0.0, 0.0, 0.0, 0.0, 0.0, 0.0)",2,"(0.0, 1.0, 0.0, 0.0, 0.0, 0.0)",-1,-11.090000000000146,300.5700000000006,0
2018-03-08,"(0.0, 1.0, 0.0, 0.0, 0.0, 0.0)",1,"(0.0, 1.0, 0.0, 0.0, 0.0, 0.0)",1,45.399999999999636,345.97000000000025,0
2018-03-09,"(0.0, 1.0, 0.0, 0.0, 0.0, 0.0)",1,"(-1.0, 1.0, 0.0, 0.0, 0.0, 0.0)",1,21.270000000000437,367.2400000000007,0
2018-03-12,"(-1.0, 1.0, 0.0, 0.0, 0.0, 0.0)",1,"(-1.0, 0.0, 0.0, 0.0, 0.0, 0.0)",1,-9.75,357.4900000000007,0
2018-03-13,"(-1.0, 0.0, 0.0, 0.0, 0.0, 0.0)",1,"(-1.0, 0.0, 0.0, 0.0, 0.0, 0.0)",1,-75.98000000000047,281.5100000000002,0
2018-03-14,"(-1.0, 0.0, 0.0, 0.0, 0.0, 0.0)",1,"(-1.0, 0.0, 0.0, 0.0, 0.0, 0.0)",1,-6.0900000000001455,275.4200000000001,0
2018-03-15,"(-1.0, 0.0, 0.0, 0.0, 0.0, 0.0)",1,"(-1.0, 0.0, 0.0, 0.0, 0.0, 0.0)",1,7.0700000000006185,282.4900000000007,0
2018-03-16,"(-1.0, 0.0, 0.0, 0.0, 0.0, 0.0)",1,"(-1.0, 0.0, 0.0, 0.0, 0.0, 0.0)",1,24.38000000000011,306.8700000000008,0
2018-03-19,"(-1.0, 0.0, 0.0, 0.0, 0.0, 0.0)",1,"(-1.0, 0.0, 0.0, 0.0, 0.0, 0.0)",1,-121.21000000000004,185.66000000000076,0
2018-03-20,"(-1.0, 0.0, 0.0, 0.0, 0.0, 0.0)",1,"(-1.0, 0.0, 0.0, 0.0, 0.0, 0.0)",1,18.340000000000146,204.0000000000009,0
2018-03-21,"(-1.0, 0.0, 0.0, 0.0, 0.0, 0.0)",1,"(0.0, 0.0, 0.0, 0.0, 0.0, 0.0)",1,-22.300000000000182,181.70000000000073,0
2018-03-22,"(0.0, 0.0, 0.0, 0.0, 0.0, 0.0)",2,"(-1.0, 0.0, 0.0, 0.0, 0.0, 0.0)",-1,86.38000000000011,268.08000000000084,0
2018-03-23,"(-1.0, 0.0, 0.0, 0.0, 0.0, 0.0)",1,"(-1.0, 0.0, 0.0, 0.0, 0.0, 0.0)",1,-30.650000000000546,237.4300000000003,0
2018-03-26,"(-1.0, 0.0, 0.0, 0.0, 0.0, 0.0)",1,"(-1.0, 0.0, 0.0, 0.0, 0.0, 0.0)",1,-33.25,204.1800000000003,0
2018-03-27,"(-1.0, 0.0, 0.0, 0.0, 0.0, 0.0)",1,"(-1.0, 0.0, 0.0, 0.0, 0.0, 0.0)",1,111.45000000000073,315.630000000001,0
2018-03-28,"(-1.0, 0.0, 0.0, 0.0, 0.0, 0.0)",1,"(-1.0, 0.0, 0.0, 0.0, 0.0, 0.0)",1,44.599999999999454,360.2300000000005,0
2018-03-29,"(-1.0, 0.0, 0.0, 0.0, 0.0, 0.0)",1,"(-1.0, 1.0, 0.0, 0.0, 0.0, 0.0)",1,11.86999999999989,372.10000000000036,0
2018-04-03,"(-1.0, 1.0, 0.0, 0.0, 0.0, 0.0)",1,"(-1.0, 1.0, 0.0, 0.0, 0.0, 0.0)",1,-26.149999999999636,345.9500000000007,0
2018-04-04,"(-1.0, 1.0, 0.0, 0.0, 0.0, 0.0)",1,"(-1.0, 1.0, 0.0, 0.0, 0.0, 0.0)",1,3.550000000000182,349.5000000000009,0
2018-04-05,"(-1.0, 1.0, 0.0, 0.0, 0.0, 0.0)",1,"(-1.0, 0.0, 0.0, 0.0, 0.0, 0.0)",1,165.48999999999978,514.9900000000007,0
2018-04-06,"(-1.0, 0.0, 0.0, 0.0, 0.0, 0.0)",1,"(-1.0, 0.0, 0.0, 0.0, 0.0, 0.0)",1,-15.859999999999673,499.130000000001,0
2018-04-09,"(-1.0, 0.0, 0.0, 0.0, 0.0, 0.0)",1,"(0.0, 0.0, 0.0, 0.0, 0.0, 0.0)",1,11.109999999999673,510.2400000000007,0
2018-04-10,"(0.0, 0.0, 0.0, 0.0, 0.0, 0.0)",2,"(0.0, 0.0, 0.0, 0.0, 0.0, 0.0)",-1,-72.0,438.2400000000007,0
2018-04-11,"(0.0, 0.0, 0.0, 0.0, 0.0, 0.0)",2,"(0.0, 0.0, 0.0, 0.0, 0.0, 0.0)",-1,9.609999999999673,447.85000000000036,0
2018-04-12,"(0.0, 0.0, 0.0, 0.0, 0.0, 0.0)",2,"(0.0, 0.0, 0.0, 0.0, 0.0, 0.0)",-1,-1.199999999999818,446.65000000000055,0
2018-04-13,"(0.0, 0.0, 0.0, 0.0, 0.0, 0.0)",2,"(1.0, 0.0, 0.0, 0.0, 0.0, 0.0)",-1,-6.220000000000255,440.4300000000003,0
2018-04-16,"(1.0, 0.0, 0.0, 0.0, 0.0, 0.0)",2,"(1.0, 0.0, 0.0, 0.0, 0.0, 0.0)",-1,66.36000000000058,506.7900000000009,0
2018-04-17,"(1.0, 0.0, 0.0, 0.0, 0.0, 0.0)",2,"(1.0, 0.0, 0.0, 0.0, 0.0, 0.0)",-1,-27.850000000000364,478.9400000000005,0
2018-04-18,"(1.0, 0.0, 0.0, 0.0, 0.0, 0.0)",2,"(1.0, 0.0, 0.0, 0.0, 0.0, 0.0)",-1,-91.28999999999996,387.65000000000055,0
2018-04-19,"(1.0, 0.0, 0.0, 0.0, 0.0, 0.0)",2,"(1.0, 0.0, 0.0, 0.0, 0.0, 0.0)",-1,-11.579999999999927,376.0700000000006,0
2018-04-20,"(1.0, 0.0, 0.0, 0.0, 0.0, 0.0)",2,"(1.0, 0.0, 0.0, 0.0, 0.0, 0.0)",-1,-39.25,336.8200000000006,0
2018-04-23,"(1.0, 0.0, 0.0, 0.0, 0.0, 0.0)",2,"(1.0, 0.0, 0.0, 0.0, 0.0, 0.0)",-1,-30.699999999999818,306.1200000000008,0
2018-04-24,"(1.0, 0.0, 0.0, 0.0, 0.0, 0.0)",2,"(1.0, 0.0, 0.0, 0.0, 0.0, 0.0)",-1,-26.529999999999745,279.59000000000106,0
2018-04-25,"(1.0, 0.0, 0.0, 0.0, 0.0, 0.0)",2,"(1.0, 0.0, 0.0, 0.0, 0.0, 0.0)",-1,46.07999999999993,325.670000000001,0
2018-04-26,"(1.0, 0.0, 0.0, 0.0, 0.0, 0.0)",2,"(1.0, 0.0, 0.0, 0.0, 0.0, 0.0)",-1,-42.11000000000058,283.5600000000004,0
2018-04-27,"(1.0, 0.0, 0.0, 0.0, 0.0, 0.0)",2,"(1.0, 0.0, 0.0, 0.0, 0.0, 0.0)",-1,-80.77999999999975,202.78000000000065,0
2018-04-30,"(1.0, 0.0, 0.0, 0.0, 0.0, 0.0)",2,"(1.0, 0.0, 0.0, 0.0, 0.0, 0.0)",-1,-7.0900000000001455,195.6900000000005,0
2018-05-01,"(1.0, 0.0, 0.0, 0.0, 0.0, 0.0)",2,"(1.0, 0.0, 0.0, 0.0, 0.0, 0.0)",-1,-11.05999999999949,184.63000000000102,0
2018-05-02,"(1.0, 0.0, 0.0, 0.0, 0.0, 0.0)",2,"(1.0, 0.0, 0.0, 0.0, 0.0, 0.0)",-1,-22.840000000000146,161.79000000000087,0
2018-05-03,"(1.0, 0.0, 0.0, 0.0, 0.0, 0.0)",2,"(1.0, 0.0, 0.0, 0.0, 0.0, 0.0)",-1,40.51000000000022,202.3000000000011,0
2018-05-04,"(1.0, 0.0, 0.0, 0.0, 0.0, 0.0)",2,"(1.0, 0.0, 0.0, 0.0, 0.0, 0.0)",-1,-64.45000000000073,137.85000000000036,0
2018-05-08,"(1.0, 0.0, 0.0, 0.0, 0.0, 0.0)",2,"(1.0, 0.0, 0.0, 0.0, 0.0, 0.0)",-1,1.3900000000003274,139.2400000000007,0
2018-05-09,"(1.0, 0.0, 0.0, 0.0, 0.0, 0.0)",2,"(1.0, 0.0, 0.0, 0.0, 0.0, 0.0)",-1,-96.77000000000044,42.470000000000255,0
2018-05-10,"(1.0, 0.0, 0.0, 0.0, 0.0, 0.0)",2,"(1.0, 0.0, 0.0, 0.0, 0.0, 0.0)",-1,-38.44999999999982,4.020000000000437,0
2018-05-11,"(1.0, 0.0, 0.0, 0.0, 0.0, 0.0)",2,"(1.0, 0.0, 0.0, 0.0, 0.0, 0.0)",-1,-23.579999999999927,-19.55999999999949,0
2018-05-14,"(1.0, 0.0, 0.0, 0.0, 0.0, 0.0)",2,"(1.0, 0.0, 0.0, 0.0, 0.0, 0.0)",-1,13.570000000000618,-5.989999999998872,0
2018-05-15,"(1.0, 0.0, 0.0, 0.0, 0.0, 0.0)",2,"(1.0, 0.0, 0.0, 0.0, 0.0, 0.0)",-1,-12.0,-17.989999999998872,0
2018-05-16,"(1.0, 0.0, 0.0, 0.0, 0.0, 0.0)",2,"(1.0, 0.0, 0.0, 0.0, 0.0, 0.0)",-1,-11.220000000000255,-29.209999999999127,0
2018-05-17,"(1.0, 0.0, 0.0, 0.0, 0.0, 0.0)",2,"(1.0, 0.0, 0.0, 0.0, 0.0, 0.0)",-1,-53.77000000000044,-82.97999999999956,0
2018-05-18,"(1.0, 0.0, 0.0, 0.0, 0.0, 0.0)",2,"(1.0, 0.0, 0.0, 0.0, 0.0, 0.0)",-1,9.180000000000291,-73.79999999999927,0
2018-05-21,"(1.0, 0.0, 0.0, 0.0, 0.0, 0.0)",2,"(1.0, 0.0, 0.0, 0.0, 0.0, 0.0)",-1,-80.38000000000011,-154.17999999999938,0
2018-05-22,"(1.0, 0.0, 0.0, 0.0, 0.0, 0.0)",2,"(1.0, 0.0, 0.0, 0.0, 0.0, 0.0)",-1,-18.279999999999745,-172.45999999999913,0
2018-05-23,"(1.0, 0.0, 0.0, 0.0, 0.0, 0.0)",2,"(1.0, 0.0, 0.0, 0.0, 0.0, 0.0)",-1,89.01000000000022,-83.44999999999891,0
2018-05-24,"(1.0, 0.0, 0.0, 0.0, 0.0, 0.0)",2,"(1.0, 0.0, 0.0, 0.0, 0.0, 0.0)",-1,71.69999999999982,-11.74999999999909,0
2018-05-25,"(1.0, 0.0, 0.0, 0.0, 0.0, 0.0)",2,"(1.0, 0.0, 0.0, 0.0, 0.0, 0.0)",-1,-13.539999999999964,-25.289999999999054,0
2018-05-29,"(1.0, 0.0, 0.0, 0.0, 0.0, 0.0)",2,"(1.0, 0.0, 0.0, 0.0, 0.0, 0.0)",-1,97.63999999999942,72.35000000000036,0
2018-05-30,"(1.0, 0.0, 0.0, 0.0, 0.0, 0.0)",2,"(1.0, 0.0, 0.0, 0.0, 0.0, 0.0)",-1,-56.92999999999938,15.420000000000982,0
2018-05-31,"(1.0, 0.0, 0.0, 0.0, 0.0, 0.0)",2,"(1.0, 0.0, 0.0, 0.0, 0.0, 0.0)",-1,11.36999999999989,26.790000000000873,0
2018-06-01,"(1.0, 0.0, 0.0, 0.0, 0.0, 0.0)",2,"(1.0, 0.0, 0.0, 0.0, 0.0, 0.0)",-1,-23.57000000000062,3.2200000000002547,0
2018-06-04,"(1.0, 0.0, 0.0, 0.0, 0.0, 0.0)",2,"(0.0, 0.0, 0.0, 0.0, 0.0, 0.0)",-1,-39.51999999999953,-36.29999999999927,0
2018-06-05,"(0.0, 0.0, 0.0, 0.0, 0.0, 0.0)",2,"(0.0, 0.0, 0.0, 0.0, 0.0, 0.0)",-1,54.48999999999978,18.19000000000051,0
2018-06-06,"(0.0, 0.0, 0.0, 0.0, 0.0, 0.0)",2,"(0.0, 0.0, 0.0, 0.0, 0.0, 0.0)",-1,-25.56999999999971,-7.3799999999992,0
2018-06-07,"(0.0, 0.0, 0.0, 0.0, 0.0, 0.0)",2,"(0.0, 0.0, 0.0, 0.0, 0.0, 0.0)",-1,7.970000000000255,0.590000000001055,0
2018-06-08,"(0.0, 0.0, 0.0, 0.0, 0.0, 0.0)",2,"(-1.0, 0.0, 0.0, 0.0, 0.0, 0.0)",-1,23.329999999999927,23.920000000000982,0
2018-06-11,"(-1.0, 0.0, 0.0, 0.0, 0.0, 0.0)",1,"(-1.0, 0.0, 0.0, 0.0, 0.0, 0.0)",1,56.36000000000058,80.28000000000156,0
2018-06-12,"(-1.0, 0.0, 0.0, 0.0, 0.0, 0.0)",1,"(-1.0, 0.0, 0.0, 0.0, 0.0, 0.0)",1,-33.61999999999989,46.66000000000167,0
2018-06-13,"(-1.0, 0.0, 0.0, 0.0, 0.0, 0.0)",1,"(-1.0, 0.0, 0.0, 0.0, 0.0, 0.0)",1,-0.1000000000003638,46.56000000000131,0
2018-06-14,"(-1.0, 0.0, 0.0, 0.0, 0.0, 0.0)",1,"(0.0, 0.0, 0.0, 0.0, 0.0, 0.0)",1,62.07999999999993,108.64000000000124,0
2018-06-15,"(0.0, 0.0, 0.0, 0.0, 0.0, 0.0)",2,"(0.0, 0.0, 0.0, 0.0, 0.0, 0.0)",-1,131.8800000000001,240.52000000000135,0
2018-06-18,"(0.0, 0.0, 0.0, 0.0, 0.0, 0.0)",2,"(0.0, 0.0, 0.0, 0.0, 0.0, 0.0)",-1,2.5799999999999272,243.10000000000127,0
2018-06-19,"(0.0, 0.0, 0.0, 0.0, 0.0, 0.0)",2,"(-1.0, 0.0, 0.0, 0.0, 0.0, 0.0)",-1,27.479999999999563,270.58000000000084,0
2018-06-20,"(-1.0, 0.0, 0.0, 0.0, 0.0, 0.0)",1,"(-1.0, 0.0, 0.0, 0.0, 0.0, 0.0)",1,23.549999999999272,294.1300000000001,0
2018-06-21,"(-1.0, 0.0, 0.0, 0.0, 0.0, 0.0)",1,"(-1.0, 0.0, 0.0, 0.0, 0.0, 0.0)",1,-70.96000000000004,223.17000000000007,0
2018-06-22,"(-1.0, 0.0, 0.0, 0.0, 0.0, 0.0)",1,"(-1.0, 0.0, 0.0, 0.0, 0.0, 0.0)",1,125.83000000000084,349.0000000000009,0
2018-06-25,"(-1.0, 0.0, 0.0, 0.0, 0.0, 0.0)",1,"(-1.0, 0.0, 0.0, 0.0, 0.0, 0.0)",1,-172.4300000000003,176.57000000000062,0
2018-06-26,"(-1.0, 0.0, 0.0, 0.0, 0.0, 0.0)",1,"(-1.0, 0.0, 0.0, 0.0, 0.0, 0.0)",1,28.079999999999927,204.65000000000055,0
2018-06-27,"(-1.0, 0.0, 0.0, 0.0, 0.0, 0.0)",1,"(-1.0, 0.0, 0.0, 0.0, 0.0, 0.0)",1,83.76999999999953,288.4200000000001,0
2018-06-28,"(-1.0, 0.0, 0.0, 0.0, 0.0, 0.0)",1,"(-1.0, 0.0, 0.0, 0.0, 0.0, 0.0)",1,-6.059999999999491,282.3600000000006,0
2018-06-29,"(-1.0, 0.0, 0.0, 0.0, 0.0, 0.0)",1,"(-1.0, 0.0, 0.0, 0.0, 0.0, 0.0)",1,21.300000000000182,303.66000000000076,0
2018-07-02,"(-1.0, 0.0, 0.0, 0.0, 0.0, 0.0)",1,"(-1.0, 0.0, 0.0, 0.0, 0.0, 0.0)",1,-89.07999999999993,214.58000000000084,0
2018-07-03,"(-1.0, 0.0, 0.0, 0.0, 0.0, 0.0)",1,"(-1.0, 0.0, 0.0, 0.0, 0.0, 0.0)",1,45.4399999999996,260.02000000000044,0
2018-07-04,"(-1.0, 0.0, 0.0, 0.0, 0.0, 0.0)",1,"(-1.0, 0.0, 0.0, 0.0, 0.0, 0.0)",1,-20.199999999999818,239.82000000000062,0
2018-07-05,"(-1.0, 0.0, 0.0, 0.0, 0.0, 0.0)",1,"(-1.0, 0.0, 0.0, 0.0, 0.0, 0.0)",1,30.13000000000011,269.9500000000007,0
2018-07-06,"(-1.0, 0.0, 0.0, 0.0, 0.0, 0.0)",1,"(-1.0, 0.0, 0.0, 0.0, 0.0, 0.0)",1,14.479999999999563,284.4300000000003,0
2018-07-09,"(-1.0, 0.0, 0.0, 0.0, 0.0, 0.0)",1,"(0.0, 1.0, 0.0, 0.0, 0.0, 0.0)",1,70.28999999999996,354.72000000000025,0
2018-07-10,"(0.0, 1.0, 0.0, 0.0, 0.0, 0.0)",1,"(0.0, 1.0, 0.0, 0.0, 0.0, 0.0)",1,4.050000000000182,358.77000000000044,0
2018-07-11,"(0.0, 1.0, 0.0, 0.0, 0.0, 0.0)",1,"(0.0, 1.0, 0.0, 0.0, 0.0, 0.0)",1,-100.07999999999993,258.6900000000005,0
2018-07-12,"(0.0, 1.0, 0.0, 0.0, 0.0, 0.0)",1,"(1.0, 0.0, 0.0, 0.0, 0.0, 0.0)",1,59.36999999999989,318.0600000000004,0
2018-07-13,"(1.0, 0.0, 0.0, 0.0, 0.0, 0.0)",2,"(0.0, 0.0, 0.0, 0.0, 0.0, 0.0)",-1,-10.539999999999964,307.52000000000044,0
2018-07-16,"(0.0, 0.0, 0.0, 0.0, 0.0, 0.0)",2,"(1.0, 0.0, 0.0, 0.0, 0.0, 0.0)",-1,61.42000000000007,368.9400000000005,0
2018-07-17,"(1.0, 0.0, 0.0, 0.0, 0.0, 0.0)",2,"(1.0, 0.0, 0.0, 0.0, 0.0, 0.0)",-1,-25.88000000000011,343.0600000000004,0
2018-07-18,"(1.0, 0.0, 0.0, 0.0, 0.0, 0.0)",2,"(1.0, 0.0, 0.0, 0.0, 0.0, 0.0)",-1,-49.94999999999982,293.1100000000006,0
2018-07-19,"(1.0, 0.0, 0.0, 0.0, 0.0, 0.0)",2,"(1.0, 0.0, 0.0, 0.0, 0.0, 0.0)",-1,-7.690000000000509,285.4200000000001,0
2018-07-20,"(1.0, 0.0, 0.0, 0.0, 0.0, 0.0)",2,"(1.0, 0.0, 0.0, 0.0, 0.0, 0.0)",-1,5.180000000000291,290.60000000000036,0
2018-07-23,"(1.0, 0.0, 0.0, 0.0, 0.0, 0.0)",2,"(1.0, 0.0, 0.0, 0.0, 0.0, 0.0)",-1,23.0,313.60000000000036,0
2018-07-24,"(1.0, 0.0, 0.0, 0.0, 0.0, 0.0)",2,"(1.0, 0.0, 0.0, 0.0, 0.0, 0.0)",-1,-53.26000000000022,260.34000000000015,0
2018-07-25,"(1.0, 0.0, 0.0, 0.0, 0.0, 0.0)",2,"(1.0, 0.0, 0.0, 0.0, 0.0, 0.0)",-1,50.789999999999964,311.1300000000001,0
2018-07-26,"(1.0, 0.0, 0.0, 0.0, 0.0, 0.0)",2,"(1.0, 0.0, 0.0, 0.0, 0.0, 0.0)",-1,-4.9099999999998545,306.22000000000025,0
2018-07-27,"(1.0, 0.0, 0.0, 0.0, 0.0, 0.0)",2,"(1.0, 0.0, 0.0, 0.0, 0.0, 0.0)",-1,-38.14000000000033,268.0799999999999,0
2018-07-30,"(1.0, 0.0, 0.0, 0.0, 0.0, 0.0)",2,"(1.0, 0.0, 0.0, 0.0, 0.0, 0.0)",-1,0.4600000000000364,268.53999999999996,0
2018-07-31,"(1.0, 0.0, 0.0, 0.0, 0.0, 0.0)",2,"(1.0, 0.0, 0.0, 0.0, 0.0, 0.0)",-1,-47.909999999999854,220.6300000000001,0
2018-08-01,"(1.0, 0.0, 0.0, 0.0, 0.0, 0.0)",2,"(1.0, 0.0, 0.0, 0.0, 0.0, 0.0)",-1,95.85000000000036,316.4800000000005,0
2018-08-02,"(1.0, 0.0, 0.0, 0.0, 0.0, 0.0)",2,"(1.0, 0.0, 0.0, 0.0, 0.0, 0.0)",-1,76.97999999999956,393.46000000000004,0
2018-08-03,"(1.0, 0.0, 0.0, 0.0, 0.0, 0.0)",2,"(1.0, 0.0, 0.0, 0.0, 0.0, 0.0)",-1,-83.17000000000007,310.28999999999996,0
2018-08-06,"(1.0, 0.0, 0.0, 0.0, 0.0, 0.0)",2,"(1.0, 0.0, 0.0, 0.0, 0.0, 0.0)",-1,-4.6799999999993815,305.6100000000006,0
2018-08-07,"(1.0, 0.0, 0.0, 0.0, 0.0, 0.0)",2,"(0.0, 1.0, 0.0, 0.0, 0.0, 0.0)",-1,-54.69999999999982,250.91000000000076,0
2018-08-08,"(0.0, 1.0, 0.0, 0.0, 0.0, 0.0)",1,"(1.0, 1.0, 0.0, 0.0, 0.0, 0.0)",1,58.17000000000007,309.08000000000084,0
2018-08-09,"(1.0, 1.0, 0.0, 0.0, 0.0, 0.0)",2,"(1.0, 1.0, 0.0, 0.0, 0.0, 0.0)",-1,34.8799999999992,343.96000000000004,0
2018-08-10,"(1.0, 1.0, 0.0, 0.0, 0.0, 0.0)",2,"(1.0, 0.0, 0.0, 0.0, 0.0, 0.0)",-1,74.76000000000022,418.72000000000025,0
2018-08-13,"(1.0, 0.0, 0.0, 0.0, 0.0, 0.0)",2,"(0.0, 0.0, 0.0, 0.0, 0.0, 0.0)",-1,24.5600000000004,443.28000000000065,0
2018-08-14,"(0.0, 0.0, 0.0, 0.0, 0.0, 0.0)",2,"(-1.0, 0.0, 0.0, 0.0, 0.0, 0.0)",-1,30.80999999999949,474.09000000000015,0
2018-08-15,"(-1.0, 0.0, 0.0, 0.0, 0.0, 0.0)",1,"(-1.0, 0.0, 0.0, 0.0, 0.0, 0.0)",1,-113.77000000000044,360.3199999999997,0
2018-08-16,"(-1.0, 0.0, 0.0, 0.0, 0.0, 0.0)",1,"(-1.0, 0.0, 0.0, 0.0, 0.0, 0.0)",1,58.51000000000022,418.8299999999999,0
2018-08-17,"(-1.0, 0.0, 0.0, 0.0, 0.0, 0.0)",1,"(-1.0, 0.0, 0.0, 0.0, 0.0, 0.0)",1,2.2100000000000364,421.03999999999996,0
2018-08-20,"(-1.0, 0.0, 0.0, 0.0, 0.0, 0.0)",1,"(-1.0, 0.0, 0.0, 0.0, 0.0, 0.0)",1,32.67000000000007,453.71000000000004,0
2018-08-21,"(-1.0, 0.0, 0.0, 0.0, 0.0, 0.0)",1,"(-1.0, 0.0, 0.0, 0.0, 0.0, 0.0)",1,-25.5600000000004,428.14999999999964,0
2018-08-22,"(-1.0, 0.0, 0.0, 0.0, 0.0, 0.0)",1,"(-1.0, 0.0, 0.0, 0.0, 0.0, 0.0)",1,8.539999999999964,436.6899999999996,0
2018-08-23,"(-1.0, 0.0, 0.0, 0.0, 0.0, 0.0)",1,"(-1.0, 0.0, 0.0, 0.0, 0.0, 0.0)",1,-11.019999999999527,425.6700000000001,0
2018-08-24,"(-1.0, 0.0, 0.0, 0.0, 0.0, 0.0)",1,"(-1.0, 0.0, 0.0, 0.0, 0.0, 0.0)",1,14.269999999999527,439.9399999999996,0
2018-08-28,"(-1.0, 0.0, 0.0, 0.0, 0.0, 0.0)",1,"(-1.0, 0.0, 0.0, 0.0, 0.0, 0.0)",1,39.73000000000047,479.6700000000001,0
2018-08-29,"(-1.0, 0.0, 0.0, 0.0, 0.0, 0.0)",1,"(-1.0, 0.0, 0.0, 0.0, 0.0, 0.0)",1,-54.01000000000022,425.65999999999985,0
2018-08-30,"(-1.0, 0.0, 0.0, 0.0, 0.0, 0.0)",1,"(-1.0, 0.0, 0.0, 0.0, 0.0, 0.0)",1,-47.18000000000029,378.47999999999956,0
2018-08-31,"(-1.0, 0.0, 0.0, 0.0, 0.0, 0.0)",1,"(-1.0, 0.0, 0.0, 0.0, 0.0, 0.0)",1,-83.60999999999967,294.8699999999999,0
2018-09-03,"(-1.0, 0.0, 0.0, 0.0, 0.0, 0.0)",1,"(-1.0, 0.0, 0.0, 0.0, 0.0, 0.0)",1,72.18000000000029,367.0500000000002,0
2018-09-04,"(-1.0, 0.0, 0.0, 0.0, 0.0, 0.0)",1,"(-1.0, 0.0, 0.0, 0.0, 0.0, 0.0)",1,-46.74000000000069,320.3099999999995,0
2018-09-05,"(-1.0, 0.0, 0.0, 0.0, 0.0, 0.0)",1,"(-1.0, 0.0, 0.0, 0.0, 0.0, 0.0)",1,-74.57999999999993,245.72999999999956,0
2018-09-06,"(-1.0, 0.0, 0.0, 0.0, 0.0, 0.0)",1,"(-1.0, 0.0, 0.0, 0.0, 0.0, 0.0)",1,-64.31999999999971,181.40999999999985,0
2018-09-07,"(-1.0, 0.0, 0.0, 0.0, 0.0, 0.0)",1,"(-1.0, 0.0, 0.0, 0.0, 0.0, 0.0)",1,-41.26000000000022,140.14999999999964,0
2018-09-10,"(-1.0, 0.0, 0.0, 0.0, 0.0, 0.0)",1,"(-1.0, 0.0, 0.0, 0.0, 0.0, 0.0)",1,1.6000000000003638,141.75,0
2018-09-11,"(-1.0, 0.0, 0.0, 0.0, 0.0, 0.0)",1,"(-1.0, 0.0, 0.0, 0.0, 0.0, 0.0)",1,-5.760000000000218,135.98999999999978,0
2018-09-12,"(-1.0, 0.0, 0.0, 0.0, 0.0, 0.0)",1,"(-1.0, 0.0, 0.0, 0.0, 0.0, 0.0)",1,39.81999999999971,175.8099999999995,0
2018-09-13,"(-1.0, 0.0, 0.0, 0.0, 0.0, 0.0)",1,"(-1.0, 0.0, 0.0, 0.0, 0.0, 0.0)",1,-31.789999999999964,144.01999999999953,0
2018-09-14,"(-1.0, 0.0, 0.0, 0.0, 0.0, 0.0)",1,"(-1.0, 0.0, 0.0, 0.0, 0.0, 0.0)",1,22.470000000000255,166.48999999999978,0
2018-09-17,"(-1.0, 0.0, 0.0, 0.0, 0.0, 0.0)",1,"(-1.0, 0.0, 0.0, 0.0, 0.0, 0.0)",1,-1.9399999999995998,164.55000000000018,0
2018-09-18,"(-1.0, 0.0, 0.0, 0.0, 0.0, 0.0)",1,"(-1.0, 0.0, 0.0, 0.0, 0.0, 0.0)",1,-1.8700000000008004,162.67999999999938,0
2018-09-19,"(-1.0, 0.0, 0.0, 0.0, 0.0, 0.0)",1,"(-1.0, 0.0, 0.0, 0.0, 0.0, 0.0)",1,30.890000000000327,193.5699999999997,0
2018-09-20,"(-1.0, 0.0, 0.0, 0.0, 0.0, 0.0)",1,"(-1.0, 1.0, 0.0, 0.0, 0.0, 0.0)",1,36.19999999999982,229.76999999999953,0
2018-09-21,"(-1.0, 1.0, 0.0, 0.0, 0.0, 0.0)",1,"(-1.0, 1.0, 0.0, 0.0, 0.0, 0.0)",1,122.90999999999985,352.6799999999994,0
2018-09-24,"(-1.0, 1.0, 0.0, 0.0, 0.0, 0.0)",1,"(-1.0, 1.0, 0.0, 0.0, 0.0, 0.0)",1,-31.81999999999971,320.8599999999997,0
2018-09-25,"(-1.0, 1.0, 0.0, 0.0, 0.0, 0.0)",1,"(0.0, 0.0, 0.0, 0.0, 0.0, 0.0)",1,49.150000000000546,370.0100000000002,0
2018-09-26,"(0.0, 0.0, 0.0, 0.0, 0.0, 0.0)",2,"(0.0, 0.0, 0.0, 0.0, 0.0, 0.0)",-1,-3.9299999999993815,366.08000000000084,0
2018-09-27,"(0.0, 0.0, 0.0, 0.0, 0.0, 0.0)",2,"(0.0, 0.0, 0.0, 0.0, 0.0, 0.0)",-1,-33.94999999999982,332.130000000001,0
2018-09-28,"(0.0, 0.0, 0.0, 0.0, 0.0, 0.0)",2,"(0.0, 0.0, 0.0, 0.0, 0.0, 0.0)",-1,35.23999999999978,367.3700000000008,0
2018-10-01,"(0.0, 0.0, 0.0, 0.0, 0.0, 0.0)",2,"(1.0, 0.0, 0.0, 0.0, 0.0, 0.0)",-1,14.529999999999745,381.90000000000055,0
2018-10-02,"(1.0, 0.0, 0.0, 0.0, 0.0, 0.0)",2,"(1.0, 0.0, 0.0, 0.0, 0.0, 0.0)",-1,21.11999999999989,403.02000000000044,0
2018-10-03,"(1.0, 0.0, 0.0, 0.0, 0.0, 0.0)",2,"(1.0, 0.0, 0.0, 0.0, 0.0, 0.0)",-1,-35.72999999999956,367.2900000000009,0
2018-10-04,"(1.0, 0.0, 0.0, 0.0, 0.0, 0.0)",2,"(1.0, 0.0, 0.0, 0.0, 0.0, 0.0)",-1,91.9399999999996,459.2300000000005,0
2018-10-05,"(1.0, 0.0, 0.0, 0.0, 0.0, 0.0)",2,"(1.0, 0.0, 0.0, 0.0, 0.0, 0.0)",-1,99.80000000000018,559.0300000000007,0
2018-10-08,"(1.0, 0.0, 0.0, 0.0, 0.0, 0.0)",2,"(1.0, 0.0, 0.0, 0.0, 0.0, 0.0)",-1,85.21000000000004,644.2400000000007,0
2018-10-09,"(1.0, 0.0, 0.0, 0.0, 0.0, 0.0)",2,"(0.0, 0.0, 0.0, 0.0, 0.0, 0.0)",-1,-4.260000000000218,639.9800000000005,0
2018-10-10,"(0.0, 0.0, 0.0, 0.0, 0.0, 0.0)",2,"(0.0, 0.0, 0.0, 0.0, 0.0, 0.0)",-1,91.85000000000036,731.8300000000008,0
2018-10-11,"(0.0, 0.0, 0.0, 0.0, 0.0, 0.0)",2,"(0.0, 0.0, 0.0, 0.0, 0.0, 0.0)",-1,138.8099999999995,870.6400000000003,0
2018-10-12,"(0.0, 0.0, 0.0, 0.0, 0.0, 0.0)",2,"(-1.0, 0.0, 0.0, 0.0, 0.0, 0.0)",-1,11.020000000000437,881.6600000000008,0
2018-10-15,"(-1.0, 0.0, 0.0, 0.0, 0.0, 0.0)",1,"(-1.0, 0.0, 0.0, 0.0, 0.0, 0.0)",1,33.3100000000004,914.9700000000012,0
2018-10-16,"(-1.0, 0.0, 0.0, 0.0, 0.0, 0.0)",1,"(-1.0, 0.0, 0.0, 0.0, 0.0, 0.0)",1,30.17999999999938,945.1500000000005,0
2018-10-17,"(-1.0, 0.0, 0.0, 0.0, 0.0, 0.0)",1,"(-1.0, 0.0, 0.0, 0.0, 0.0, 0.0)",1,-4.799999999999272,940.3500000000013,0
2018-10-18,"(-1.0, 0.0, 0.0, 0.0, 0.0, 0.0)",1,"(-1.0, 0.0, 0.0, 0.0, 0.0, 0.0)",1,-27.610000000000582,912.7400000000007,0
2018-10-19,"(-1.0, 0.0, 0.0, 0.0, 0.0, 0.0)",1,"(-1.0, 0.0, 0.0, 0.0, 0.0, 0.0)",1,22.8100000000004,935.5500000000011,0
2018-10-22,"(-1.0, 0.0, 0.0, 0.0, 0.0, 0.0)",1,"(-1.0, 0.0, 0.0, 0.0, 0.0, 0.0)",1,-7.0,928.5500000000011,0
2018-10-23,"(-1.0, 0.0, 0.0, 0.0, 0.0, 0.0)",1,"(-1.0, 0.0, 0.0, 0.0, 0.0, 0.0)",1,-87.59000000000015,840.960000000001,0
2018-10-24,"(-1.0, 0.0, 0.0, 0.0, 0.0, 0.0)",1,"(-1.0, 0.0, 0.0, 0.0, 0.0, 0.0)",1,7.769999999999527,848.7300000000005,0
2018-10-25,"(-1.0, 0.0, 0.0, 0.0, 0.0, 0.0)",1,"(-1.0, 0.0, 0.0, 0.0, 0.0, 0.0)",1,41.1200000000008,889.8500000000013,0
2018-10-26,"(-1.0, 0.0, 0.0, 0.0, 0.0, 0.0)",1,"(-1.0, 0.0, 0.0, 0.0, 0.0, 0.0)",1,-64.53999999999996,825.3100000000013,0
2018-10-29,"(-1.0, 0.0, 0.0, 0.0, 0.0, 0.0)",1,"(-1.0, 0.0, 0.0, 0.0, 0.0, 0.0)",1,86.75999999999931,912.0700000000006,0
2018-10-30,"(-1.0, 0.0, 0.0, 0.0, 0.0, 0.0)",1,"(-1.0, 1.0, 0.0, 0.0, 0.0, 0.0)",1,9.530000000000655,921.6000000000013,0
2018-10-31,"(-1.0, 1.0, 0.0, 0.0, 0.0, 0.0)",1,"(-1.0, 1.0, 0.0, 0.0, 0.0, 0.0)",1,92.25,1013.8500000000013,0
2018-11-01,"(-1.0, 1.0, 0.0, 0.0, 0.0, 0.0)",1,"(-1.0, 1.0, 0.0, 0.0, 0.0, 0.0)",1,-13.44000000000051,1000.4100000000008,0
2018-11-02,"(-1.0, 1.0, 0.0, 0.0, 0.0, 0.0)",1,"(-1.0, 0.0, 0.0, 0.0, 0.0, 0.0)",1,-20.539999999999964,979.8700000000008,0
2018-11-05,"(-1.0, 0.0, 0.0, 0.0, 0.0, 0.0)",1,"(-1.0, 0.0, 0.0, 0.0, 0.0, 0.0)",1,9.720000000000255,989.590000000001,0
2018-11-06,"(-1.0, 0.0, 0.0, 0.0, 0.0, 0.0)",1,"(0.0, 0.0, 0.0, 0.0, 0.0, 0.0)",1,-63.159999999999854,926.4300000000012,0
2018-11-07,"(0.0, 0.0, 0.0, 0.0, 0.0, 0.0)",2,"(1.0, 0.0, 0.0, 0.0, 0.0, 0.0)",-1,-76.59999999999945,849.8300000000017,0
2018-11-08,"(1.0, 0.0, 0.0, 0.0, 0.0, 0.0)",2,"(1.0, 0.0, 0.0, 0.0, 0.0, 0.0)",-1,-23.400000000000546,826.4300000000012,0
2018-11-09,"(1.0, 0.0, 0.0, 0.0, 0.0, 0.0)",2,"(1.0, 0.0, 0.0, 0.0, 0.0, 0.0)",-1,35.340000000000146,861.7700000000013,0
2018-11-12,"(1.0, 0.0, 0.0, 0.0, 0.0, 0.0)",2,"(1.0, 0.0, 0.0, 0.0, 0.0, 0.0)",-1,52.26000000000022,914.0300000000016,0
2018-11-13,"(1.0, 0.0, 0.0, 0.0, 0.0, 0.0)",2,"(1.0, 0.0, 0.0, 0.0, 0.0, 0.0)",-1,-0.680000000000291,913.3500000000013,0
2018-11-14,"(1.0, 0.0, 0.0, 0.0, 0.0, 0.0)",2,"(1.0, 0.0, 0.0, 0.0, 0.0, 0.0)",-1,19.970000000000255,933.3200000000015,0
2018-11-15,"(1.0, 0.0, 0.0, 0.0, 0.0, 0.0)",2,"(1.0, 0.0, 0.0, 0.0, 0.0, 0.0)",-1,-4.220000000000255,929.1000000000013,0
2018-11-16,"(1.0, 0.0, 0.0, 0.0, 0.0, 0.0)",2,"(0.0, 0.0, 0.0, 0.0, 0.0, 0.0)",-1,24.13000000000011,953.2300000000014,0
2018-11-19,"(0.0, 0.0, 0.0, 0.0, 0.0, 0.0)",2,"(0.0, 0.0, 0.0, 0.0, 0.0, 0.0)",-1,12.989999999999782,966.2200000000012,0
2018-11-20,"(0.0, 0.0, 0.0, 0.0, 0.0, 0.0)",2,"(0.0, 0.0, 0.0, 0.0, 0.0, 0.0)",-1,52.970000000000255,1019.1900000000014,0
2018-11-21,"(0.0, 0.0, 0.0, 0.0, 0.0, 0.0)",2,"(0.0, 1.0, 0.0, 0.0, 0.0, 0.0)",-1,-102.30999999999949,916.8800000000019,0
2018-11-22,"(0.0, 1.0, 0.0, 0.0, 0.0, 0.0)",1,"(0.0, 1.0, 0.0, 0.0, 0.0, 0.0)",1,-89.90999999999985,826.9700000000021,0
2018-11-23,"(0.0, 1.0, 0.0, 0.0, 0.0, 0.0)",1,"(-1.0, 1.0, 0.0, 0.0, 0.0, 0.0)",1,-7.460000000000036,819.510000000002,0
2018-11-26,"(-1.0, 1.0, 0.0, 0.0, 0.0, 0.0)",1,"(-1.0, 1.0, 0.0, 0.0, 0.0, 0.0)",1,83.14000000000033,902.6500000000024,0
2018-11-27,"(-1.0, 1.0, 0.0, 0.0, 0.0, 0.0)",1,"(-1.0, 1.0, 0.0, 0.0, 0.0, 0.0)",1,-19.149999999999636,883.5000000000027,0
2018-11-28,"(-1.0, 1.0, 0.0, 0.0, 0.0, 0.0)",1,"(-1.0, 1.0, 0.0, 0.0, 0.0, 0.0)",1,-12.329999999999927,871.1700000000028,0
2018-11-29,"(-1.0, 1.0, 0.0, 0.0, 0.0, 0.0)",1,"(-1.0, 0.0, 0.0, 0.0, 0.0, 0.0)",1,34.42999999999938,905.6000000000022,0
2018-11-30,"(-1.0, 0.0, 0.0, 0.0, 0.0, 0.0)",1,"(-1.0, 0.0, 0.0, 0.0, 0.0, 0.0)",1,-58.710000000000036,846.8900000000021,0
2018-12-03,"(-1.0, 0.0, 0.0, 0.0, 0.0, 0.0)",1,"(-1.0, 0.0, 0.0, 0.0, 0.0, 0.0)",1,82.17000000000007,929.0600000000022,0
2018-12-04,"(-1.0, 0.0, 0.0, 0.0, 0.0, 0.0)",1,"(0.0, 0.0, 0.0, 0.0, 0.0, 0.0)",1,-39.649999999999636,889.4100000000026,0
2018-12-05,"(0.0, 0.0, 0.0, 0.0, 0.0, 0.0)",2,"(-1.0, 0.0, 0.0, 0.0, 0.0, 0.0)",-1,100.92000000000007,990.3300000000027,0
2018-12-06,"(-1.0, 0.0, 0.0, 0.0, 0.0, 0.0)",1,"(-1.0, 0.0, 0.0, 0.0, 0.0, 0.0)",1,-217.78999999999996,772.5400000000027,0
2018-12-07,"(-1.0, 0.0, 0.0, 0.0, 0.0, 0.0)",1,"(-1.0, 0.0, 0.0, 0.0, 0.0, 0.0)",1,74.05999999999949,846.6000000000022,0
2018-12-10,"(-1.0, 0.0, 0.0, 0.0, 0.0, 0.0)",1,"(-1.0, 0.0, 0.0, 0.0, 0.0, 0.0)",1,-56.56999999999971,790.0300000000025,0
2018-12-11,"(-1.0, 0.0, 0.0, 0.0, 0.0, 0.0)",1,"(-1.0, 0.0, 0.0, 0.0, 0.0, 0.0)",1,85.39999999999964,875.4300000000021,0
2018-12-12,"(-1.0, 0.0, 0.0, 0.0, 0.0, 0.0)",1,"(-1.0, 0.0, 0.0, 0.0, 0.0, 0.0)",1,73.25,948.6800000000021,0
2018-12-13,"(-1.0, 0.0, 0.0, 0.0, 0.0, 0.0)",1,"(-1.0, 0.0, 0.0, 0.0, 0.0, 0.0)",1,-2.6899999999996,945.9900000000025,0
2018-12-14,"(-1.0, 0.0, 0.0, 0.0, 0.0, 0.0)",1,"(-1.0, 0.0, 0.0, 0.0, 0.0, 0.0)",1,-32.32999999999993,913.6600000000026,0
2018-12-17,"(-1.0, 0.0, 0.0, 0.0, 0.0, 0.0)",1,"(-1.0, 0.0, 0.0, 0.0, 0.0, 0.0)",1,-71.93000000000029,841.7300000000023,0
2018-12-18,"(-1.0, 0.0, 0.0, 0.0, 0.0, 0.0)",1,"(-1.0, 0.0, 0.0, 0.0, 0.0, 0.0)",1,-71.64999999999964,770.0800000000027,0
2018-12-19,"(-1.0, 0.0, 0.0, 0.0, 0.0, 0.0)",1,"(-1.0, 0.0, 0.0, 0.0, 0.0, 0.0)",1,64.34999999999945,834.4300000000021,0
2018-12-20,"(-1.0, 0.0, 0.0, 0.0, 0.0, 0.0)",1,"(-1.0, 0.0, 0.0, 0.0, 0.0, 0.0)",1,-54.00999999999931,780.4200000000028,0
2018-12-21,"(-1.0, 0.0, 0.0, 0.0, 0.0, 0.0)",1,"(-1.0, 0.0, 0.0, 0.0, 0.0, 0.0)",1,9.239999999999782,789.6600000000026,0
2018-12-24,"(-1.0, 0.0, 0.0, 0.0, 0.0, 0.0)",1,"(-1.0, 0.0, 0.0, 0.0, 0.0, 0.0)",1,-35.18000000000029,754.4800000000023,0
2018-12-27,"(-1.0, 0.0, 0.0, 0.0, 0.0, 0.0)",1,"(-1.0, 0.0, 0.0, 0.0, 0.0, 0.0)",1,-101.30999999999949,653.1700000000028,0
2018-12-28,"(-1.0, 0.0, 0.0, 0.0, 0.0, 0.0)",1,"(-1.0, 0.0, 0.0, 0.0, 0.0, 0.0)",1,149.28999999999996,802.4600000000028,0
2018-12-31,"(-1.0, 0.0, 0.0, 0.0, 0.0, 0.0)",1,"(-1.0, 0.0, 0.0, 0.0, 0.0, 0.0)",1,-5.8400000000001455,796.6200000000026,0
2019-01-02,"(-1.0, 0.0, 0.0, 0.0, 0.0, 0.0)",1,"(-1.0, 1.0, 0.0, 0.0, 0.0, 0.0)",1,6.099999999999454,802.7200000000021,0
2019-01-03,"(-1.0, 1.0, 0.0, 0.0, 0.0, 0.0)",1,"(-1.0, 1.0, 0.0, 0.0, 0.0, 0.0)",1,-41.56999999999971,761.1500000000024,0
2019-01-04,"(-1.0, 1.0, 0.0, 0.0, 0.0, 0.0)",1,"(-1.0, 1.0, 0.0, 0.0, 0.0, 0.0)",1,144.76000000000022,905.9100000000026,0
2019-01-07,"(-1.0, 1.0, 0.0, 0.0, 0.0, 0.0)",1,"(-1.0, 0.0, 0.0, 0.0, 0.0, 0.0)",1,-26.539999999999964,879.3700000000026,0
2019-01-08,"(-1.0, 0.0, 0.0, 0.0, 0.0, 0.0)",1,"(-1.0, 0.0, 0.0, 0.0, 0.0, 0.0)",1,50.720000000000255,930.0900000000029,0
2019-01-09,"(-1.0, 0.0, 0.0, 0.0, 0.0, 0.0)",1,"(0.0, 0.0, 0.0, 0.0, 0.0, 0.0)",1,45.029999999999745,975.1200000000026,0
2019-01-10,"(0.0, 0.0, 0.0, 0.0, 0.0, 0.0)",2,"(0.0, 0.0, 0.0, 0.0, 0.0, 0.0)",-1,-36.23999999999978,938.8800000000028,0
2019-01-11,"(0.0, 0.0, 0.0, 0.0, 0.0, 0.0)",2,"(0.0, 0.0, 0.0, 0.0, 0.0, 0.0)",-1,24.6899999999996,963.5700000000024,0
2019-01-14,"(0.0, 0.0, 0.0, 0.0, 0.0, 0.0)",2,"(0.0, 0.0, 0.0, 0.0, 0.0, 0.0)",-1,63.159999999999854,1026.7300000000023,0
2019-01-15,"(0.0, 0.0, 0.0, 0.0, 0.0, 0.0)",2,"(1.0, 0.0, 0.0, 0.0, 0.0, 0.0)",-1,-40.0,986.7300000000023,0
2019-01-16,"(1.0, 0.0, 0.0, 0.0, 0.0, 0.0)",2,"(1.0, 0.0, 0.0, 0.0, 0.0, 0.0)",-1,32.340000000000146,1019.0700000000024,0
2019-01-17,"(1.0, 0.0, 0.0, 0.0, 0.0, 0.0)",2,"(1.0, 0.0, 0.0, 0.0, 0.0, 0.0)",-1,27.76000000000022,1046.8300000000027,0
2019-01-18,"(1.0, 0.0, 0.0, 0.0, 0.0, 0.0)",2,"(1.0, 0.0, 0.0, 0.0, 0.0, 0.0)",-1,-133.40999999999985,913.4200000000028,0
2019-01-21,"(1.0, 0.0, 0.0, 0.0, 0.0, 0.0)",2,"(1.0, 0.0, 0.0, 0.0, 0.0, 0.0)",-1,-2.2600000000002183,911.1600000000026,0
2019-01-22,"(1.0, 0.0, 0.0, 0.0, 0.0, 0.0)",2,"(1.0, 0.0, 0.0, 0.0, 0.0, 0.0)",-1,69.19999999999982,980.3600000000024,0
2019-01-23,"(1.0, 0.0, 0.0, 0.0, 0.0, 0.0)",2,"(1.0, 0.0, 0.0, 0.0, 0.0, 0.0)",-1,58.51000000000022,1038.8700000000026,0
2019-01-24,"(1.0, 0.0, 0.0, 0.0, 0.0, 0.0)",2,"(1.0, 0.0, 0.0, 0.0, 0.0, 0.0)",-1,23.93000000000029,1062.800000000003,0
2019-01-25,"(1.0, 0.0, 0.0, 0.0, 0.0, 0.0)",2,"(0.0, 0.0, 0.0, 0.0, 0.0, 0.0)",-1,9.729999999999563,1072.5300000000025,0
2019-01-28,"(0.0, 0.0, 0.0, 0.0, 0.0, 0.0)",2,"(0.0, 0.0, 0.0, 0.0, 0.0, 0.0)",-1,62.11999999999989,1134.6500000000024,0
2019-01-29,"(0.0, 0.0, 0.0, 0.0, 0.0, 0.0)",2,"(0.0, 0.0, 0.0, 0.0, 0.0, 0.0)",-1,-86.82999999999993,1047.8200000000024,0
2019-01-30,"(0.0, 0.0, 0.0, 0.0, 0.0, 0.0)",2,"(0.0, 1.0, 0.0, 0.0, 0.0, 0.0)",-1,-107.69999999999982,940.1200000000026,0
2019-01-31,"(0.0, 1.0, 0.0, 0.0, 0.0, 0.0)",1,"(1.0, 1.0, 0.0, 0.0, 0.0, 0.0)",1,27.220000000000255,967.3400000000029,0
2019-02-01,"(1.0, 1.0, 0.0, 0.0, 0.0, 0.0)",2,"(0.0, 1.0, 0.0, 0.0, 0.0, 0.0)",-1,-51.36999999999989,915.970000000003,0
2019-02-04,"(0.0, 1.0, 0.0, 0.0, 0.0, 0.0)",1,"(-1.0, 0.0, 0.0, 0.0, 0.0, 0.0)",1,13.909999999999854,929.8800000000028,0
2019-02-05,"(-1.0, 0.0, 0.0, 0.0, 0.0, 0.0)",1,"(1.0, 0.0, 0.0, 0.0, 0.0, 0.0)",1,143.23999999999978,1073.1200000000026,0
2019-02-06,"(1.0, 0.0, 0.0, 0.0, 0.0, 0.0)",2,"(1.0, 0.0, 0.0, 0.0, 0.0, 0.0)",-1,4.279999999999745,1077.4000000000024,0
2019-02-07,"(1.0, 0.0, 0.0, 0.0, 0.0, 0.0)",2,"(1.0, 0.0, 0.0, 0.0, 0.0, 0.0)",-1,79.51000000000022,1156.9100000000026,0
2019-02-08,"(1.0, 0.0, 0.0, 0.0, 0.0, 0.0)",2,"(1.0, 0.0, 0.0, 0.0, 0.0, 0.0)",-1,22.399999999999636,1179.3100000000022,0
2019-02-11,"(1.0, 0.0, 0.0, 0.0, 0.0, 0.0)",2,"(1.0, 0.0, 0.0, 0.0, 0.0, 0.0)",-1,-57.92999999999938,1121.3800000000028,0
2019-02-12,"(1.0, 0.0, 0.0, 0.0, 0.0, 0.0)",2,"(1.0, 0.0, 0.0, 0.0, 0.0, 0.0)",-1,-4.030000000000655,1117.3500000000022,0
2019-02-13,"(1.0, 0.0, 0.0, 0.0, 0.0, 0.0)",2,"(1.0, 0.0, 0.0, 0.0, 0.0, 0.0)",-1,-57.69999999999982,1059.6500000000024,0
2019-02-14,"(1.0, 0.0, 0.0, 0.0, 0.0, 0.0)",2,"(1.0, 0.0, 0.0, 0.0, 0.0, 0.0)",-1,-6.170000000000073,1053.4800000000023,0
2019-02-15,"(1.0, 0.0, 0.0, 0.0, 0.0, 0.0)",2,"(1.0, 0.0, 0.0, 0.0, 0.0, 0.0)",-1,-39.67000000000007,1013.8100000000022,0
2019-02-18,"(1.0, 0.0, 0.0, 0.0, 0.0, 0.0)",2,"(1.0, 0.0, 0.0, 0.0, 0.0, 0.0)",-1,17.210000000000036,1031.0200000000023,0
2019-02-19,"(1.0, 0.0, 0.0, 0.0, 0.0, 0.0)",2,"(1.0, 0.0, 0.0, 0.0, 0.0, 0.0)",-1,40.30000000000018,1071.3200000000024,0
2019-02-20,"(1.0, 0.0, 0.0, 0.0, 0.0, 0.0)",2,"(1.0, 0.0, 0.0, 0.0, 0.0, 0.0)",-1,-49.44999999999982,1021.8700000000026,0
2019-02-21,"(1.0, 0.0, 0.0, 0.0, 0.0, 0.0)",2,"(1.0, 0.0, 0.0, 0.0, 0.0, 0.0)",-1,61.22999999999956,1083.1000000000022,0
2019-02-22,"(1.0, 0.0, 0.0, 0.0, 0.0, 0.0)",2,"(1.0, 0.0, 0.0, 0.0, 0.0, 0.0)",-1,-11.210000000000036,1071.8900000000021,0
2019-02-25,"(1.0, 0.0, 0.0, 0.0, 0.0, 0.0)",2,"(1.0, 0.0, 0.0, 0.0, 0.0, 0.0)",-1,-5.139999999999418,1066.7500000000027,0
2019-02-26,"(1.0, 0.0, 0.0, 0.0, 0.0, 0.0)",2,"(1.0, 0.0, 0.0, 0.0, 0.0, 0.0)",-1,32.61999999999989,1099.3700000000026,0
2019-02-27,"(1.0, 0.0, 0.0, 0.0, 0.0, 0.0)",2,"(1.0, 0.0, 0.0, 0.0, 0.0, 0.0)",-1,43.92000000000007,1143.2900000000027,0
2019-02-28,"(1.0, 0.0, 0.0, 0.0, 0.0, 0.0)",2,"(1.0, 0.0, 0.0, 0.0, 0.0, 0.0)",-1,32.470000000000255,1175.760000000003,0
2019-03-01,"(1.0, 0.0, 0.0, 0.0, 0.0, 0.0)",2,"(0.0, 0.0, 0.0, 0.0, 0.0, 0.0)",-1,-32.0,1143.760000000003,0
2019-03-04,"(0.0, 0.0, 0.0, 0.0, 0.0, 0.0)",2,"(0.0, 0.0, 0.0, 0.0, 0.0, 0.0)",-1,-27.660000000000764,1116.1000000000022,0
2019-03-05,"(0.0, 0.0, 0.0, 0.0, 0.0, 0.0)",2,"(0.0, 0.0, 0.0, 0.0, 0.0, 0.0)",-1,-49.039999999999964,1067.0600000000022,0
2019-03-06,"(0.0, 0.0, 0.0, 0.0, 0.0, 0.0)",2,"(0.0, 0.0, 0.0, 0.0, 0.0, 0.0)",-1,-12.569999999999709,1054.4900000000025,0
2019-03-07,"(0.0, 0.0, 0.0, 0.0, 0.0, 0.0)",2,"(0.0, 0.0, 0.0, 0.0, 0.0, 0.0)",-1,38.44999999999982,1092.9400000000023,0
2019-03-08,"(0.0, 0.0, 0.0, 0.0, 0.0, 0.0)",2,"(-1.0, 0.0, 0.0, 0.0, 0.0, 0.0)",-1,53.23999999999978,1146.180000000002,0
2019-03-11,"(-1.0, 0.0, 0.0, 0.0, 0.0, 0.0)",1,"(-1.0, 0.0, 0.0, 0.0, 0.0, 0.0)",1,26.30999999999949,1172.4900000000016,0
2019-03-12,"(-1.0, 0.0, 0.0, 0.0, 0.0, 0.0)",1,"(-1.0, 0.0, 0.0, 0.0, 0.0, 0.0)",1,20.529999999999745,1193.0200000000013,0
2019-03-13,"(-1.0, 0.0, 0.0, 0.0, 0.0, 0.0)",1,"(-1.0, 0.0, 0.0, 0.0, 0.0, 0.0)",1,8.039999999999964,1201.0600000000013,0
2019-03-14,"(-1.0, 0.0, 0.0, 0.0, 0.0, 0.0)",1,"(0.0, 0.0, 0.0, 0.0, 0.0, 0.0)",1,26.24000000000069,1227.300000000002,0
2019-03-15,"(0.0, 0.0, 0.0, 0.0, 0.0, 0.0)",2,"(0.0, 0.0, 0.0, 0.0, 0.0, 0.0)",-1,-42.849999999999454,1184.4500000000025,0
2019-03-18,"(0.0, 0.0, 0.0, 0.0, 0.0, 0.0)",2,"(0.0, 1.0, 0.0, 0.0, 0.0, 0.0)",-1,-70.90999999999985,1113.5400000000027,0
2019-03-19,"(0.0, 1.0, 0.0, 0.0, 0.0, 0.0)",1,"(0.0, 1.0, 0.0, 0.0, 0.0, 0.0)",1,24.8100000000004,1138.350000000003,0
2019-03-20,"(0.0, 1.0, 0.0, 0.0, 0.0, 0.0)",1,"(1.0, 1.0, 0.0, 0.0, 0.0, 0.0)",1,-32.98999999999978,1105.3600000000033,0
2019-03-21,"(1.0, 1.0, 0.0, 0.0, 0.0, 0.0)",2,"(1.0, 0.0, 0.0, 0.0, 0.0, 0.0)",-1,-64.30000000000018,1041.0600000000031,0
2019-03-22,"(1.0, 0.0, 0.0, 0.0, 0.0, 0.0)",2,"(1.0, 0.0, 0.0, 0.0, 0.0, 0.0)",-1,147.72000000000025,1188.7800000000034,0
2019-03-25,"(1.0, 0.0, 0.0, 0.0, 0.0, 0.0)",2,"(1.0, 0.0, 0.0, 0.0, 0.0, 0.0)",-1,30.01000000000022,1218.7900000000036,0
2019-03-26,"(1.0, 0.0, 0.0, 0.0, 0.0, 0.0)",2,"(1.0, 0.0, 0.0, 0.0, 0.0, 0.0)",-1,-18.710000000000036,1200.0800000000036,0
2019-03-27,"(1.0, 0.0, 0.0, 0.0, 0.0, 0.0)",2,"(1.0, 0.0, 0.0, 0.0, 0.0, 0.0)",-1,2.100000000000364,1202.180000000004,0
2019-03-28,"(1.0, 0.0, 0.0, 0.0, 0.0, 0.0)",2,"(1.0, 0.0, 0.0, 0.0, 0.0, 0.0)",-1,-40.14000000000033,1162.0400000000036,0
2019-03-29,"(1.0, 0.0, 0.0, 0.0, 0.0, 0.0)",2,"(1.0, 0.0, 0.0, 0.0, 0.0, 0.0)",-1,-44.85999999999967,1117.180000000004,0
2019-04-01,"(1.0, 0.0, 0.0, 0.0, 0.0, 0.0)",2,"(1.0, 0.0, 0.0, 0.0, 0.0, 0.0)",-1,-38.19000000000051,1078.9900000000034,0
2019-04-02,"(1.0, 0.0, 0.0, 0.0, 0.0, 0.0)",2,"(1.0, 1.0, 0.0, 0.0, 0.0, 0.0)",-1,-73.73999999999978,1005.2500000000036,0
2019-04-03,"(1.0, 1.0, 0.0, 0.0, 0.0, 0.0)",2,"(1.0, 1.0, 0.0, 0.0, 0.0, 0.0)",-1,-27.159999999999854,978.0900000000038,0
2019-04-04,"(1.0, 1.0, 0.0, 0.0, 0.0, 0.0)",2,"(0.0, 1.0, 0.0, 0.0, 0.0, 0.0)",-1,16.340000000000146,994.4300000000039,0
2019-04-05,"(0.0, 1.0, 0.0, 0.0, 0.0, 0.0)",1,"(1.0, 0.0, 0.0, 0.0, 0.0, 0.0)",1,44.93000000000029,1039.3600000000042,0
2019-04-08,"(1.0, 0.0, 0.0, 0.0, 0.0, 0.0)",2,"(1.0, 0.0, 0.0, 0.0, 0.0, 0.0)",-1,-5.020000000000437,1034.3400000000038,0
2019-04-09,"(1.0, 0.0, 0.0, 0.0, 0.0, 0.0)",2,"(1.0, 0.0, 0.0, 0.0, 0.0, 0.0)",-1,26.32000000000062,1060.6600000000044,0
2019-04-10,"(1.0, 0.0, 0.0, 0.0, 0.0, 0.0)",2,"(1.0, 0.0, 0.0, 0.0, 0.0, 0.0)",-1,3.6599999999998545,1064.3200000000043,0
2019-04-11,"(1.0, 0.0, 0.0, 0.0, 0.0, 0.0)",2,"(1.0, 0.0, 0.0, 0.0, 0.0, 0.0)",-1,3.9600000000000364,1068.2800000000043,0
2019-04-12,"(1.0, 0.0, 0.0, 0.0, 0.0, 0.0)",2,"(1.0, 0.0, 0.0, 0.0, 0.0, 0.0)",-1,-19.110000000000582,1049.1700000000037,0
2019-04-15,"(1.0, 0.0, 0.0, 0.0, 0.0, 0.0)",2,"(1.0, 0.0, 0.0, 0.0, 0.0, 0.0)",-1,0.19000000000050932,1049.3600000000042,0
2019-04-16,"(1.0, 0.0, 0.0, 0.0, 0.0, 0.0)",2,"(1.0, 0.0, 0.0, 0.0, 0.0, 0.0)",-1,-33.05000000000018,1016.310000000004,0
2019-04-17,"(1.0, 0.0, 0.0, 0.0, 0.0, 0.0)",2,"(1.0, 0.0, 0.0, 0.0, 0.0, 0.0)",-1,-1.3999999999996362,1014.9100000000044,0
2019-04-18,"(1.0, 0.0, 0.0, 0.0, 0.0, 0.0)",2,"(1.0, 0.0, 0.0, 0.0, 0.0, 0.0)",-1,11.4399999999996,1026.350000000004,0
2019-04-23,"(1.0, 0.0, 0.0, 0.0, 0.0, 0.0)",2,"(1.0, 0.0, 0.0, 0.0, 0.0, 0.0)",-1,-63.1899999999996,963.1600000000044,0
2019-04-24,"(1.0, 0.0, 0.0, 0.0, 0.0, 0.0)",2,"(1.0, 0.0, 0.0, 0.0, 0.0, 0.0)",-1,51.31999999999971,1014.4800000000041,0
2019-04-25,"(1.0, 0.0, 0.0, 0.0, 0.0, 0.0)",2,"(1.0, 0.0, 0.0, 0.0, 0.0, 0.0)",-1,37.61999999999989,1052.100000000004,0
2019-04-26,"(1.0, 0.0, 0.0, 0.0, 0.0, 0.0)",2,"(1.0, 0.0, 0.0, 0.0, 0.0, 0.0)",-1,5.940000000000509,1058.0400000000045,0
2019-04-29,"(1.0, 0.0, 0.0, 0.0, 0.0, 0.0)",2,"(1.0, 0.0, 0.0, 0.0, 0.0, 0.0)",-1,-12.470000000000255,1045.5700000000043,0
2019-04-30,"(1.0, 0.0, 0.0, 0.0, 0.0, 0.0)",2,"(1.0, 0.0, 0.0, 0.0, 0.0, 0.0)",-1,22.4399999999996,1068.0100000000039,0
2019-05-01,"(1.0, 0.0, 0.0, 0.0, 0.0, 0.0)",2,"(1.0, 0.0, 0.0, 0.0, 0.0, 0.0)",-1,32.960000000000036,1100.970000000004,0
2019-05-02,"(1.0, 0.0, 0.0, 0.0, 0.0, 0.0)",2,"(1.0, 0.0, 0.0, 0.0, 0.0, 0.0)",-1,33.94999999999982,1134.9200000000037,0
2019-05-03,"(1.0, 0.0, 0.0, 0.0, 0.0, 0.0)",2,"(0.0, 0.0, 0.0, 0.0, 0.0, 0.0)",-1,-29.329999999999927,1105.5900000000038,0
2019-05-07,"(0.0, 0.0, 0.0, 0.0, 0.0, 0.0)",2,"(-1.0, 0.0, 0.0, 0.0, 0.0, 0.0)",-1,120.17000000000007,1225.7600000000039,0
2019-05-08,"(-1.0, 0.0, 0.0, 0.0, 0.0, 0.0)",1,"(-1.0, 0.0, 0.0, 0.0, 0.0, 0.0)",1,10.529999999999745,1236.2900000000036,0
2019-05-09,"(-1.0, 0.0, 0.0, 0.0, 0.0, 0.0)",1,"(-1.0, 0.0, 0.0, 0.0, 0.0, 0.0)",1,-63.590000000000146,1172.7000000000035,0
2019-05-10,"(-1.0, 0.0, 0.0, 0.0, 0.0, 0.0)",1,"(-1.0, 0.0, 0.0, 0.0, 0.0, 0.0)",1,-4.119999999999891,1168.5800000000036,0
2019-05-13,"(-1.0, 0.0, 0.0, 0.0, 0.0, 0.0)",1,"(-1.0, 0.0, 0.0, 0.0, 0.0, 0.0)",1,-39.60999999999967,1128.970000000004,0
2019-05-14,"(-1.0, 0.0, 0.0, 0.0, 0.0, 0.0)",1,"(-1.0, 0.0, 0.0, 0.0, 0.0, 0.0)",1,77.92000000000007,1206.890000000004,0
2019-05-15,"(-1.0, 0.0, 0.0, 0.0, 0.0, 0.0)",1,"(-1.0, 0.0, 0.0, 0.0, 0.0, 0.0)",1,55.349999999999454,1262.2400000000034,0
2019-05-16,"(-1.0, 0.0, 0.0, 0.0, 0.0, 0.0)",1,"(-1.0, 0.0, 0.0, 0.0, 0.0, 0.0)",1,56.5600000000004,1318.8000000000038,0
2019-05-17,"(-1.0, 0.0, 0.0, 0.0, 0.0, 0.0)",1,"(-1.0, 0.0, 0.0, 0.0, 0.0, 0.0)",1,-4.890000000000327,1313.9100000000035,0
2019-05-20,"(-1.0, 0.0, 0.0, 0.0, 0.0, 0.0)",1,"(-1.0, 0.0, 0.0, 0.0, 0.0, 0.0)",1,-37.73999999999978,1276.1700000000037,0
2019-05-21,"(-1.0, 0.0, 0.0, 0.0, 0.0, 0.0)",1,"(-1.0, 0.0, 0.0, 0.0, 0.0, 0.0)",1,18.039999999999964,1294.2100000000037,0
2019-05-22,"(-1.0, 0.0, 0.0, 0.0, 0.0, 0.0)",1,"(-1.0, 1.0, 0.0, 0.0, 0.0, 0.0)",1,5.269999999999527,1299.4800000000032,0
2019-05-23,"(-1.0, 1.0, 0.0, 0.0, 0.0, 0.0)",1,"(-1.0, 1.0, 0.0, 0.0, 0.0, 0.0)",1,-103.14999999999964,1196.3300000000036,0
2019-05-24,"(-1.0, 1.0, 0.0, 0.0, 0.0, 0.0)",1,"(0.0, 1.0, 0.0, 0.0, 0.0, 0.0)",1,46.6899999999996,1243.0200000000032,0
2019-05-28,"(0.0, 1.0, 0.0, 0.0, 0.0, 0.0)",1,"(0.0, 0.0, 0.0, 0.0, 0.0, 0.0)",1,-8.779999999999745,1234.2400000000034,0
2019-05-29,"(0.0, 0.0, 0.0, 0.0, 0.0, 0.0)",2,"(0.0, 0.0, 0.0, 0.0, 0.0, 0.0)",-1,83.64999999999964,1317.890000000003,0
2019-05-30,"(0.0, 0.0, 0.0, 0.0, 0.0, 0.0)",2,"(0.0, 0.0, 0.0, 0.0, 0.0, 0.0)",-1,-32.85999999999967,1285.0300000000034,0
2019-05-31,"(0.0, 0.0, 0.0, 0.0, 0.0, 0.0)",2,"(0.0, 0.0, 0.0, 0.0, 0.0, 0.0)",-1,56.44999999999982,1341.4800000000032,0
2019-06-03,"(0.0, 0.0, 0.0, 0.0, 0.0, 0.0)",2,"(-1.0, 0.0, 0.0, 0.0, 0.0, 0.0)",-1,-23.090000000000146,1318.390000000003,0
2019-06-04,"(-1.0, 0.0, 0.0, 0.0, 0.0, 0.0)",1,"(0.0, 0.0, 0.0, 0.0, 0.0, 0.0)",1,29.48999999999978,1347.8800000000028,0
2019-06-05,"(0.0, 0.0, 0.0, 0.0, 0.0, 0.0)",2,"(0.0, 0.0, 0.0, 0.0, 0.0, 0.0)",-1,-5.930000000000291,1341.9500000000025,0
2019-06-06,"(0.0, 0.0, 0.0, 0.0, 0.0, 0.0)",2,"(0.0, 0.0, 0.0, 0.0, 0.0, 0.0)",-1,-39.63000000000011,1302.3200000000024,0
2019-06-07,"(0.0, 0.0, 0.0, 0.0, 0.0, 0.0)",2,"(0.0, 1.0, 0.0, 0.0, 0.0, 0.0)",-1,-72.08999999999924,1230.2300000000032,0
2019-06-10,"(0.0, 1.0, 0.0, 0.0, 0.0, 0.0)",1,"(-1.0, 1.0, 0.0, 0.0, 0.0, 0.0)",1,43.600000000000364,1273.8300000000036,0
2019-06-11,"(-1.0, 1.0, 0.0, 0.0, 0.0, 0.0)",1,"(-1.0, 1.0, 0.0, 0.0, 0.0, 0.0)",1,22.909999999999854,1296.7400000000034,0
2019-06-12,"(-1.0, 1.0, 0.0, 0.0, 0.0, 0.0)",1,"(0.0, 0.0, 0.0, 0.0, 0.0, 0.0)",1,-30.829999999999927,1265.9100000000035,0
2019-06-13,"(0.0, 0.0, 0.0, 0.0, 0.0, 0.0)",2,"(0.0, 0.0, 0.0, 0.0, 0.0, 0.0)",-1,-0.9499999999998181,1264.9600000000037,0
2019-06-14,"(0.0, 0.0, 0.0, 0.0, 0.0, 0.0)",2,"(0.0, 0.0, 0.0, 0.0, 0.0, 0.0)",-1,22.789999999999964,1287.7500000000036,0
2019-06-17,"(0.0, 0.0, 0.0, 0.0, 0.0, 0.0)",2,"(0.0, 0.0, 0.0, 0.0, 0.0, 0.0)",-1,-11.530000000000655,1276.220000000003,0
2019-06-18,"(0.0, 0.0, 0.0, 0.0, 0.0, 0.0)",2,"(1.0, 0.0, 0.0, 0.0, 0.0, 0.0)",-1,-85.72999999999956,1190.4900000000034,0
2019-06-19,"(1.0, 0.0, 0.0, 0.0, 0.0, 0.0)",2,"(1.0, 0.0, 0.0, 0.0, 0.0, 0.0)",-1,39.5,1229.9900000000034,0
2019-06-20,"(1.0, 0.0, 0.0, 0.0, 0.0, 0.0)",2,"(1.0, 0.0, 0.0, 0.0, 0.0, 0.0)",-1,-20.899999999999636,1209.0900000000038,0
2019-06-21,"(1.0, 0.0, 0.0, 0.0, 0.0, 0.0)",2,"(1.0, 0.0, 0.0, 0.0, 0.0, 0.0)",-1,16.9399999999996,1226.0300000000034,0
2019-06-24,"(1.0, 0.0, 0.0, 0.0, 0.0, 0.0)",2,"(1.0, 0.0, 0.0, 0.0, 0.0, 0.0)",-1,-9.1899999999996,1216.8400000000038,0
2019-06-25,"(1.0, 0.0, 0.0, 0.0, 0.0, 0.0)",2,"(1.0, 0.0, 0.0, 0.0, 0.0, 0.0)",-1,-5.740000000000691,1211.100000000003,0
2019-06-26,"(1.0, 0.0, 0.0, 0.0, 0.0, 0.0)",2,"(1.0, 0.0, 0.0, 0.0, 0.0, 0.0)",-1,6.039999999999964,1217.140000000003,0
2019-06-27,"(1.0, 0.0, 0.0, 0.0, 0.0, 0.0)",2,"(1.0, 0.0, 0.0, 0.0, 0.0, 0.0)",-1,14.0600000000004,1231.2000000000035,0
2019-06-28,"(1.0, 0.0, 0.0, 0.0, 0.0, 0.0)",2,"(1.0, 0.0, 0.0, 0.0, 0.0, 0.0)",-1,-23.300000000000182,1207.9000000000033,0
2019-07-01,"(1.0, 0.0, 0.0, 0.0, 0.0, 0.0)",2,"(1.0, 0.0, 0.0, 0.0, 0.0, 0.0)",-1,-71.86999999999989,1136.0300000000034,0
2019-07-02,"(1.0, 0.0, 0.0, 0.0, 0.0, 0.0)",2,"(1.0, 0.0, 0.0, 0.0, 0.0, 0.0)",-1,-61.6899999999996,1074.3400000000038,0
2019-07-03,"(1.0, 0.0, 0.0, 0.0, 0.0, 0.0)",2,"(1.0, 0.0, 0.0, 0.0, 0.0, 0.0)",-1,-50.13000000000011,1024.2100000000037,0
2019-07-04,"(1.0, 0.0, 0.0, 0.0, 0.0, 0.0)",2,"(1.0, 0.0, 0.0, 0.0, 0.0, 0.0)",-1,5.739999999999782,1029.9500000000035,0
2019-07-05,"(1.0, 0.0, 0.0, 0.0, 0.0, 0.0)",2,"(1.0, 0.0, 0.0, 0.0, 0.0, 0.0)",-1,50.4399999999996,1080.390000000003,0
2019-07-08,"(1.0, 0.0, 0.0, 0.0, 0.0, 0.0)",2,"(1.0, 0.0, 0.0, 0.0, 0.0, 0.0)",-1,3.869999999999891,1084.260000000003,0
2019-07-09,"(1.0, 0.0, 0.0, 0.0, 0.0, 0.0)",2,"(1.0, 0.0, 0.0, 0.0, 0.0, 0.0)",-1,12.800000000000182,1097.0600000000031,0
2019-07-10,"(1.0, 0.0, 0.0, 0.0, 0.0, 0.0)",2,"(1.0, 0.0, 0.0, 0.0, 0.0, 0.0)",-1,5.780000000000655,1102.8400000000038,0
2019-07-11,"(1.0, 0.0, 0.0, 0.0, 0.0, 0.0)",2,"(1.0, 0.0, 0.0, 0.0, 0.0, 0.0)",-1,20.86999999999989,1123.7100000000037,0
2019-07-12,"(1.0, 0.0, 0.0, 0.0, 0.0, 0.0)",2,"(1.0, 0.0, 0.0, 0.0, 0.0, 0.0)",-1,3.8499999999994543,1127.5600000000031,0
2019-07-15,"(1.0, 0.0, 0.0, 0.0, 0.0, 0.0)",2,"(1.0, 0.0, 0.0, 0.0, 0.0, 0.0)",-1,-25.75,1101.8100000000031,0
2019-07-16,"(1.0, 0.0, 0.0, 0.0, 0.0, 0.0)",2,"(1.0, 0.0, 0.0, 0.0, 0.0, 0.0)",-1,-45.47999999999956,1056.3300000000036,0
2019-07-17,"(1.0, 0.0, 0.0, 0.0, 0.0, 0.0)",2,"(1.0, 0.0, 0.0, 0.0, 0.0, 0.0)",-1,41.73999999999978,1098.0700000000033,0
2019-07-18,"(1.0, 0.0, 0.0, 0.0, 0.0, 0.0)",2,"(0.0, 0.0, 0.0, 0.0, 0.0, 0.0)",-1,42.36999999999989,1140.4400000000032,0
2019-07-19,"(0.0, 0.0, 0.0, 0.0, 0.0, 0.0)",2,"(0.0, 0.0, 0.0, 0.0, 0.0, 0.0)",-1,-15.609999999999673,1124.8300000000036,0
2019-07-22,"(0.0, 0.0, 0.0, 0.0, 0.0, 0.0)",2,"(0.0, 0.0, 0.0, 0.0, 0.0, 0.0)",-1,-6.230000000000473,1118.600000000003,0
2019-07-23,"(0.0, 0.0, 0.0, 0.0, 0.0, 0.0)",2,"(0.0, 0.0, 0.0, 0.0, 0.0, 0.0)",-1,-41.92999999999938,1076.6700000000037,0
2019-07-24,"(0.0, 0.0, 0.0, 0.0, 0.0, 0.0)",2,"(0.0, 0.0, 0.0, 0.0, 0.0, 0.0)",-1,55.399999999999636,1132.0700000000033,0
2019-07-25,"(0.0, 0.0, 0.0, 0.0, 0.0, 0.0)",2,"(-1.0, 0.0, 0.0, 0.0, 0.0, 0.0)",-1,12.409999999999854,1144.4800000000032,0
2019-07-26,"(-1.0, 0.0, 0.0, 0.0, 0.0, 0.0)",1,"(-1.0, 0.0, 0.0, 0.0, 0.0, 0.0)",1,60.01000000000022,1204.4900000000034,0
2019-07-29,"(-1.0, 0.0, 0.0, 0.0, 0.0, 0.0)",1,"(0.0, 1.0, 0.0, 0.0, 0.0, 0.0)",1,137.54999999999927,1342.0400000000027,0
2019-07-30,"(0.0, 1.0, 0.0, 0.0, 0.0, 0.0)",1,"(0.0, 1.0, 0.0, 0.0, 0.0, 0.0)",1,-39.839999999999236,1302.2000000000035,0
2019-07-31,"(0.0, 1.0, 0.0, 0.0, 0.0, 0.0)",1,"(0.0, 1.0, 0.0, 0.0, 0.0, 0.0)",1,-59.99000000000069,1242.2100000000028,0
2019-08-01,"(0.0, 1.0, 0.0, 0.0, 0.0, 0.0)",1,"(1.0, 0.0, 0.0, 0.0, 0.0, 0.0)",1,-1.9099999999998545,1240.300000000003,0
2019-08-02,"(1.0, 0.0, 0.0, 0.0, 0.0, 0.0)",2,"(1.0, 0.0, 0.0, 0.0, 0.0, 0.0)",-1,177.8099999999995,1418.1100000000024,0
2019-08-05,"(1.0, 0.0, 0.0, 0.0, 0.0, 0.0)",2,"(0.0, 0.0, 0.0, 0.0, 0.0, 0.0)",-1,183.21000000000004,1601.3200000000024,0
2019-08-06,"(0.0, 0.0, 0.0, 0.0, 0.0, 0.0)",2,"(-1.0, 0.0, 0.0, 0.0, 0.0, 0.0)",-1,52.160000000000764,1653.4800000000032,0
2019-08-07,"(-1.0, 0.0, 0.0, 0.0, 0.0, 0.0)",1,"(-1.0, 0.0, 0.0, 0.0, 0.0, 0.0)",1,27.01000000000022,1680.4900000000034,0
2019-08-08,"(-1.0, 0.0, 0.0, 0.0, 0.0, 0.0)",1,"(-1.0, 0.0, 0.0, 0.0, 0.0, 0.0)",1,87.19999999999982,1767.6900000000032,0
2019-08-09,"(-1.0, 0.0, 0.0, 0.0, 0.0, 0.0)",1,"(-1.0, 0.0, 0.0, 0.0, 0.0, 0.0)",1,-32.04999999999927,1735.640000000004,0
2019-08-12,"(-1.0, 0.0, 0.0, 0.0, 0.0, 0.0)",1,"(-1.0, 0.0, 0.0, 0.0, 0.0, 0.0)",1,-27.13000000000011,1708.5100000000039,0
2019-08-13,"(-1.0, 0.0, 0.0, 0.0, 0.0, 0.0)",1,"(-1.0, 0.0, 0.0, 0.0, 0.0, 0.0)",1,24.17999999999938,1732.6900000000032,0
2019-08-14,"(-1.0, 0.0, 0.0, 0.0, 0.0, 0.0)",1,"(-1.0, 0.0, 0.0, 0.0, 0.0, 0.0)",1,-103.01999999999953,1629.6700000000037,0
2019-08-15,"(-1.0, 0.0, 0.0, 0.0, 0.0, 0.0)",1,"(-1.0, 0.0, 0.0, 0.0, 0.0, 0.0)",1,-80.86999999999989,1548.8000000000038,0
2019-08-16,"(-1.0, 0.0, 0.0, 0.0, 0.0, 0.0)",1,"(-1.0, 0.0, 0.0, 0.0, 0.0, 0.0)",1,50.13999999999942,1598.9400000000032,0
2019-08-19,"(-1.0, 0.0, 0.0, 0.0, 0.0, 0.0)",1,"(-1.0, 0.0, 0.0, 0.0, 0.0, 0.0)",1,72.5,1671.4400000000032,0
2019-08-20,"(-1.0, 0.0, 0.0, 0.0, 0.0, 0.0)",1,"(-1.0, 0.0, 0.0, 0.0, 0.0, 0.0)",1,-64.64999999999964,1606.7900000000036,0
2019-08-21,"(-1.0, 0.0, 0.0, 0.0, 0.0, 0.0)",1,"(-1.0, 0.0, 0.0, 0.0, 0.0, 0.0)",1,78.97000000000025,1685.7600000000039,0
2019-08-22,"(-1.0, 0.0, 0.0, 0.0, 0.0, 0.0)",1,"(-1.0, 0.0, 0.0, 0.0, 0.0, 0.0)",1,-75.78999999999996,1609.970000000004,0
2019-08-23,"(-1.0, 0.0, 0.0, 0.0, 0.0, 0.0)",1,"(-1.0, 0.0, 0.0, 0.0, 0.0, 0.0)",1,-33.20000000000073,1576.7700000000032,0
2019-08-27,"(-1.0, 0.0, 0.0, 0.0, 0.0, 0.0)",1,"(-1.0, 0.0, 0.0, 0.0, 0.0, 0.0)",1,-5.399999999999636,1571.3700000000035,0
2019-08-28,"(-1.0, 0.0, 0.0, 0.0, 0.0, 0.0)",1,"(-1.0, 0.0, 0.0, 0.0, 0.0, 0.0)",1,25.13000000000011,1596.5000000000036,0
2019-08-29,"(-1.0, 0.0, 0.0, 0.0, 0.0, 0.0)",1,"(-1.0, 1.0, 0.0, 0.0, 0.0, 0.0)",1,69.60999999999967,1666.1100000000033,0
2019-08-30,"(-1.0, 1.0, 0.0, 0.0, 0.0, 0.0)",1,"(-1.0, 1.0, 0.0, 0.0, 0.0, 0.0)",1,22.860000000000582,1688.970000000004,0
2019-09-02,"(-1.0, 1.0, 0.0, 0.0, 0.0, 0.0)",1,"(0.0, 1.0, 0.0, 0.0, 0.0, 0.0)",1,74.75999999999931,1763.7300000000032,0
2019-09-03,"(0.0, 1.0, 0.0, 0.0, 0.0, 0.0)",1,"(0.0, 0.0, 0.0, 0.0, 0.0, 0.0)",1,-13.75,1749.9800000000032,0
2019-09-04,"(0.0, 0.0, 0.0, 0.0, 0.0, 0.0)",2,"(0.0, 0.0, 0.0, 0.0, 0.0, 0.0)",-1,-43.07000000000062,1706.9100000000026,0
2019-09-05,"(0.0, 0.0, 0.0, 0.0, 0.0, 0.0)",2,"(0.0, 0.0, 0.0, 0.0, 0.0, 0.0)",-1,40.090000000000146,1747.0000000000027,0
2019-09-06,"(0.0, 0.0, 0.0, 0.0, 0.0, 0.0)",2,"(1.0, 0.0, 0.0, 0.0, 0.0, 0.0)",-1,-11.170000000000073,1735.8300000000027,0
2019-09-09,"(1.0, 0.0, 0.0, 0.0, 0.0, 0.0)",2,"(1.0, 0.0, 0.0, 0.0, 0.0, 0.0)",-1,46.529999999999745,1782.3600000000024,0
2019-09-10,"(1.0, 0.0, 0.0, 0.0, 0.0, 0.0)",2,"(1.0, 0.0, 0.0, 0.0, 0.0, 0.0)",-1,-32.13999999999942,1750.220000000003,0
2019-09-11,"(1.0, 0.0, 0.0, 0.0, 0.0, 0.0)",2,"(1.0, 0.0, 0.0, 0.0, 0.0, 0.0)",-1,-70.07999999999993,1680.140000000003,0
2019-09-12,"(1.0, 0.0, 0.0, 0.0, 0.0, 0.0)",2,"(1.0, 0.0, 0.0, 0.0, 0.0, 0.0)",-1,-6.640000000000327,1673.5000000000027,0
2019-09-13,"(1.0, 0.0, 0.0, 0.0, 0.0, 0.0)",2,"(1.0, 0.0, 0.0, 0.0, 0.0, 0.0)",-1,-22.789999999999964,1650.7100000000028,0
2019-09-16,"(1.0, 0.0, 0.0, 0.0, 0.0, 0.0)",2,"(1.0, 0.0, 0.0, 0.0, 0.0, 0.0)",-1,46.05000000000018,1696.760000000003,0
2019-09-17,"(1.0, 0.0, 0.0, 0.0, 0.0, 0.0)",2,"(1.0, 0.0, 0.0, 0.0, 0.0, 0.0)",-1,1.0100000000002183,1697.7700000000032,0
2019-09-18,"(1.0, 0.0, 0.0, 0.0, 0.0, 0.0)",2,"(1.0, 0.0, 0.0, 0.0, 0.0, 0.0)",-1,6.349999999999454,1704.1200000000026,0
2019-09-19,"(1.0, 0.0, 0.0, 0.0, 0.0, 0.0)",2,"(1.0, 0.0, 0.0, 0.0, 0.0, 0.0)",-1,-42.36999999999989,1661.7500000000027,0
2019-09-20,"(1.0, 0.0, 0.0, 0.0, 0.0, 0.0)",2,"(1.0, 0.0, 0.0, 0.0, 0.0, 0.0)",-1,11.5,1673.2500000000027,0
2019-09-23,"(1.0, 0.0, 0.0, 0.0, 0.0, 0.0)",2,"(1.0, 0.0, 0.0, 0.0, 0.0, 0.0)",-1,18.840000000000146,1692.0900000000029,0
2019-09-24,"(1.0, 0.0, 0.0, 0.0, 0.0, 0.0)",2,"(1.0, 0.0, 0.0, 0.0, 0.0, 0.0)",-1,34.649999999999636,1726.7400000000025,0
2019-09-25,"(1.0, 0.0, 0.0, 0.0, 0.0, 0.0)",2,"(1.0, 0.0, 0.0, 0.0, 0.0, 0.0)",-1,1.4400000000005093,1728.180000000003,0
2019-09-26,"(1.0, 0.0, 0.0, 0.0, 0.0, 0.0)",2,"(1.0, 0.0, 0.0, 0.0, 0.0, 0.0)",-1,-61.090000000000146,1667.0900000000029,0
2019-09-27,"(1.0, 0.0, 0.0, 0.0, 0.0, 0.0)",2,"(1.0, 0.0, 0.0, 0.0, 0.0, 0.0)",-1,-75.13000000000011,1591.9600000000028,0
2019-09-30,"(1.0, 0.0, 0.0, 0.0, 0.0, 0.0)",2,"(1.0, 0.0, 0.0, 0.0, 0.0, 0.0)",-1,18.0,1609.9600000000028,0
2019-10-01,"(1.0, 0.0, 0.0, 0.0, 0.0, 0.0)",2,"(1.0, 0.0, 0.0, 0.0, 0.0, 0.0)",-1,47.89000000000033,1657.850000000003,0
2019-10-02,"(1.0, 0.0, 0.0, 0.0, 0.0, 0.0)",2,"(0.0, 0.0, 0.0, 0.0, 0.0, 0.0)",-1,237.77999999999975,1895.6300000000028,0
2019-10-03,"(0.0, 0.0, 0.0, 0.0, 0.0, 0.0)",2,"(0.0, 0.0, 0.0, 0.0, 0.0, 0.0)",-1,44.899999999999636,1940.5300000000025,0
2019-10-04,"(0.0, 0.0, 0.0, 0.0, 0.0, 0.0)",2,"(-1.0, 0.0, 0.0, 0.0, 0.0, 0.0)",-1,-77.73999999999978,1862.7900000000027,0
2019-10-07,"(-1.0, 0.0, 0.0, 0.0, 0.0, 0.0)",1,"(-1.0, 0.0, 0.0, 0.0, 0.0, 0.0)",1,42.5,1905.2900000000027,0
2019-10-08,"(-1.0, 0.0, 0.0, 0.0, 0.0, 0.0)",1,"(-1.0, 0.0, 0.0, 0.0, 0.0, 0.0)",1,-54.73000000000047,1850.5600000000022,0
2019-10-09,"(-1.0, 0.0, 0.0, 0.0, 0.0, 0.0)",1,"(-1.0, 0.0, 0.0, 0.0, 0.0, 0.0)",1,23.350000000000364,1873.9100000000026,0
2019-10-10,"(-1.0, 0.0, 0.0, 0.0, 0.0, 0.0)",1,"(-1.0, 0.0, 0.0, 0.0, 0.0, 0.0)",1,19.859999999999673,1893.7700000000023,0
2019-10-11,"(-1.0, 0.0, 0.0, 0.0, 0.0, 0.0)",1,"(-1.0, 0.0, 0.0, 0.0, 0.0, 0.0)",1,60.720000000000255,1954.4900000000025,0
2019-10-14,"(-1.0, 0.0, 0.0, 0.0, 0.0, 0.0)",1,"(-1.0, 0.0, 0.0, 0.0, 0.0, 0.0)",1,-33.63000000000011,1920.8600000000024,0
2019-10-15,"(-1.0, 0.0, 0.0, 0.0, 0.0, 0.0)",1,"(-1.0, 0.0, 0.0, 0.0, 0.0, 0.0)",1,-1.8099999999994907,1919.050000000003,0
2019-10-16,"(-1.0, 0.0, 0.0, 0.0, 0.0, 0.0)",1,"(-1.0, 0.0, 0.0, 0.0, 0.0, 0.0)",1,-43.69000000000051,1875.3600000000024,0
2019-10-17,"(-1.0, 0.0, 0.0, 0.0, 0.0, 0.0)",1,"(-1.0, 0.0, 0.0, 0.0, 0.0, 0.0)",1,14.36999999999989,1889.7300000000023,0
2019-10-18,"(-1.0, 0.0, 0.0, 0.0, 0.0, 0.0)",1,"(-1.0, 0.0, 0.0, 0.0, 0.0, 0.0)",1,-31.75,1857.9800000000023,0
2019-10-21,"(-1.0, 0.0, 0.0, 0.0, 0.0, 0.0)",1,"(0.0, 0.0, 0.0, 0.0, 0.0, 0.0)",1,13.070000000000618,1871.050000000003,0
2019-10-22,"(0.0, 0.0, 0.0, 0.0, 0.0, 0.0)",2,"(0.0, 0.0, 0.0, 0.0, 0.0, 0.0)",-1,-48.849999999999454,1822.2000000000035,0
2019-10-23,"(0.0, 0.0, 0.0, 0.0, 0.0, 0.0)",2,"(0.0, 1.0, 0.0, 0.0, 0.0, 0.0)",-1,-48.25,1773.9500000000035,0
2019-10-24,"(0.0, 1.0, 0.0, 0.0, 0.0, 0.0)",1,"(0.0, 1.0, 0.0, 0.0, 0.0, 0.0)",1,67.51000000000022,1841.4600000000037,0
2019-10-25,"(0.0, 1.0, 0.0, 0.0, 0.0, 0.0)",1,"(0.0, 1.0, 0.0, 0.0, 0.0, 0.0)",1,-3.7799999999997453,1837.680000000004,0
2019-10-28,"(0.0, 1.0, 0.0, 0.0, 0.0, 0.0)",1,"(1.0, 0.0, 0.0, 0.0, 0.0, 0.0)",1,6.809999999999491,1844.4900000000034,0
2019-10-29,"(1.0, 0.0, 0.0, 0.0, 0.0, 0.0)",2,"(1.0, 0.0, 0.0, 0.0, 0.0, 0.0)",-1,25.019999999999527,1869.510000000003,0
2019-10-30,"(1.0, 0.0, 0.0, 0.0, 0.0, 0.0)",2,"(1.0, 0.0, 0.0, 0.0, 0.0, 0.0)",-1,-24.519999999999527,1844.9900000000034,0
2019-10-31,"(1.0, 0.0, 0.0, 0.0, 0.0, 0.0)",2,"(1.0, 0.0, 0.0, 0.0, 0.0, 0.0)",-1,82.39999999999964,1927.390000000003,0
2019-11-01,"(1.0, 0.0, 0.0, 0.0, 0.0, 0.0)",2,"(1.0, 0.0, 0.0, 0.0, 0.0, 0.0)",-1,-54.039999999999964,1873.350000000003,0
2019-11-04,"(1.0, 0.0, 0.0, 0.0, 0.0, 0.0)",2,"(1.0, 0.0, 0.0, 0.0, 0.0, 0.0)",-1,-67.26999999999953,1806.0800000000036,0
2019-11-05,"(1.0, 0.0, 0.0, 0.0, 0.0, 0.0)",2,"(1.0, 0.0, 0.0, 0.0, 0.0, 0.0)",-1,-18.390000000000327,1787.6900000000032,0
2019-11-06,"(1.0, 0.0, 0.0, 0.0, 0.0, 0.0)",2,"(1.0, 0.0, 0.0, 0.0, 0.0, 0.0)",-1,-8.569999999999709,1779.1200000000035,0
2019-11-07,"(1.0, 0.0, 0.0, 0.0, 0.0, 0.0)",2,"(1.0, 0.0, 0.0, 0.0, 0.0, 0.0)",-1,-9.760000000000218,1769.3600000000033,0
2019-11-08,"(1.0, 0.0, 0.0, 0.0, 0.0, 0.0)",2,"(1.0, 0.0, 0.0, 0.0, 0.0, 0.0)",-1,47.029999999999745,1816.390000000003,0
2019-11-11,"(1.0, 0.0, 0.0, 0.0, 0.0, 0.0)",2,"(1.0, 0.0, 0.0, 0.0, 0.0, 0.0)",-1,30.840000000000146,1847.2300000000032,0
2019-11-12,"(1.0, 0.0, 0.0, 0.0, 0.0, 0.0)",2,"(1.0, 0.0, 0.0, 0.0, 0.0, 0.0)",-1,-36.899999999999636,1810.3300000000036,0
2019-11-13,"(1.0, 0.0, 0.0, 0.0, 0.0, 0.0)",2,"(1.0, 0.0, 0.0, 0.0, 0.0, 0.0)",-1,14.229999999999563,1824.5600000000031,0
2019-11-14,"(1.0, 0.0, 0.0, 0.0, 0.0, 0.0)",2,"(1.0, 0.0, 0.0, 0.0, 0.0, 0.0)",-1,58.44999999999982,1883.010000000003,0
2019-11-15,"(1.0, 0.0, 0.0, 0.0, 0.0, 0.0)",2,"(1.0, 0.0, 0.0, 0.0, 0.0, 0.0)",-1,-10.179999999999382,1872.8300000000036,0
2019-11-18,"(1.0, 0.0, 0.0, 0.0, 0.0, 0.0)",2,"(1.0, 0.0, 0.0, 0.0, 0.0, 0.0)",-1,-4.760000000000218,1868.0700000000033,0
2019-11-19,"(1.0, 0.0, 0.0, 0.0, 0.0, 0.0)",2,"(1.0, 0.0, 0.0, 0.0, 0.0, 0.0)",-1,-16.100000000000364,1851.970000000003,0
2019-11-20,"(1.0, 0.0, 0.0, 0.0, 0.0, 0.0)",2,"(0.0, 0.0, 0.0, 0.0, 0.0, 0.0)",-1,61.3100000000004,1913.2800000000034,0
2019-11-21,"(0.0, 0.0, 0.0, 0.0, 0.0, 0.0)",2,"(0.0, 0.0, 0.0, 0.0, 0.0, 0.0)",-1,23.9399999999996,1937.220000000003,0
2019-11-22,"(0.0, 0.0, 0.0, 0.0, 0.0, 0.0)",2,"(0.0, 0.0, 0.0, 0.0, 0.0, 0.0)",-1,-88.26000000000022,1848.9600000000028,0
2019-11-25,"(0.0, 0.0, 0.0, 0.0, 0.0, 0.0)",2,"(0.0, 0.0, 0.0, 0.0, 0.0, 0.0)",-1,-69.47999999999956,1779.4800000000032,0
2019-11-26,"(0.0, 0.0, 0.0, 0.0, 0.0, 0.0)",2,"(0.0, 1.0, 0.0, 0.0, 0.0, 0.0)",-1,-6.850000000000364,1772.6300000000028,0
2019-11-27,"(0.0, 1.0, 0.0, 0.0, 0.0, 0.0)",1,"(-1.0, 1.0, 0.0, 0.0, 0.0, 0.0)",1,26.639999999999418,1799.2700000000023,0
2019-11-28,"(-1.0, 1.0, 0.0, 0.0, 0.0, 0.0)",1,"(0.0, 1.0, 0.0, 0.0, 0.0, 0.0)",1,-13.349999999999454,1785.9200000000028,0
2019-11-29,"(0.0, 1.0, 0.0, 0.0, 0.0, 0.0)",1,"(0.0, 0.0, 0.0, 0.0, 0.0, 0.0)",1,-69.90000000000055,1716.0200000000023,0
2019-12-02,"(0.0, 0.0, 0.0, 0.0, 0.0, 0.0)",2,"(0.0, 0.0, 0.0, 0.0, 0.0, 0.0)",-1,60.590000000000146,1776.6100000000024,0
2019-12-03,"(0.0, 0.0, 0.0, 0.0, 0.0, 0.0)",2,"(0.0, 0.0, 0.0, 0.0, 0.0, 0.0)",-1,127.17999999999938,1903.7900000000018,0
2019-12-04,"(0.0, 0.0, 0.0, 0.0, 0.0, 0.0)",2,"(0.0, 0.0, 0.0, 0.0, 0.0, 0.0)",-1,-29.73999999999978,1874.050000000002,0
2019-12-05,"(0.0, 0.0, 0.0, 0.0, 0.0, 0.0)",2,"(0.0, 0.0, 0.0, 0.0, 0.0, 0.0)",-1,50.649999999999636,1924.7000000000016,0
2019-12-06,"(0.0, 0.0, 0.0, 0.0, 0.0, 0.0)",2,"(0.0, 0.0, 0.0, 0.0, 0.0, 0.0)",-1,-101.80999999999949,1822.8900000000021,0
2019-12-09,"(0.0, 0.0, 0.0, 0.0, 0.0, 0.0)",2,"(-1.0, 0.0, 0.0, 0.0, 0.0, 0.0)",-1,5.760000000000218,1828.6500000000024,0
2019-12-10,"(-1.0, 0.0, 0.0, 0.0, 0.0, 0.0)",1,"(-1.0, 0.0, 0.0, 0.0, 0.0, 0.0)",1,-20.139999999999418,1808.510000000003,0
2019-12-11,"(-1.0, 0.0, 0.0, 0.0, 0.0, 0.0)",1,"(-1.0, 0.0, 0.0, 0.0, 0.0, 0.0)",1,2.4899999999997817,1811.0000000000027,0
2019-12-12,"(-1.0, 0.0, 0.0, 0.0, 0.0, 0.0)",1,"(-1.0, 0.0, 0.0, 0.0, 0.0, 0.0)",1,57.220000000000255,1868.220000000003,0
2019-12-13,"(-1.0, 0.0, 0.0, 0.0, 0.0, 0.0)",1,"(-1.0, 1.0, 0.0, 0.0, 0.0, 0.0)",1,79.96999999999935,1948.1900000000023,0
2019-12-16,"(-1.0, 1.0, 0.0, 0.0, 0.0, 0.0)",1,"(-1.0, 1.0, 0.0, 0.0, 0.0, 0.0)",1,165.61000000000058,2113.800000000003,0
2019-12-17,"(-1.0, 1.0, 0.0, 0.0, 0.0, 0.0)",1,"(-1.0, 1.0, 0.0, 0.0, 0.0, 0.0)",1,6.229999999999563,2120.0300000000025,0
2019-12-18,"(-1.0, 1.0, 0.0, 0.0, 0.0, 0.0)",1,"(0.0, 0.0, 0.0, 0.0, 0.0, 0.0)",1,15.470000000000255,2135.5000000000027,0
2019-12-19,"(0.0, 0.0, 0.0, 0.0, 0.0, 0.0)",2,"(0.0, 0.0, 0.0, 0.0, 0.0, 0.0)",-1,-33.06999999999971,2102.430000000003,0
2019-12-20,"(0.0, 0.0, 0.0, 0.0, 0.0, 0.0)",2,"(0.0, 0.0, 0.0, 0.0, 0.0, 0.0)",-1,-8.659999999999854,2093.770000000003,0
2019-12-23,"(0.0, 0.0, 0.0, 0.0, 0.0, 0.0)",2,"(0.0, 0.0, 0.0, 0.0, 0.0, 0.0)",-1,-41.11000000000058,2052.6600000000026,0
2019-12-24,"(0.0, 0.0, 0.0, 0.0, 0.0, 0.0)",2,"(1.0, 0.0, 0.0, 0.0, 0.0, 0.0)",-1,-8.649999999999636,2044.010000000003,0
2019-12-27,"(1.0, 0.0, 0.0, 0.0, 0.0, 0.0)",2,"(1.0, 0.0, 0.0, 0.0, 0.0, 0.0)",-1,-12.659999999999854,2031.350000000003,0
2019-12-30,"(1.0, 0.0, 0.0, 0.0, 0.0, 0.0)",2,"(1.0, 0.0, 0.0, 0.0, 0.0, 0.0)",-1,57.849999999999454,2089.2000000000025,0
2019-12-31,"(1.0, 0.0, 0.0, 0.0, 0.0, 0.0)",2,"(1.0, 0.0, 0.0, 0.0, 0.0, 0.0)",-1,44.61000000000058,2133.810000000003,0
